requests_per_minute,unique_pages,avg_time_gap,repeated_page_ratio,same_ip_hits,session_duration,label
18,9,16.034064829405963,0.15934059144988053,6,327,normal
46,3,4.203140708095896,0.5332159526925064,84,118,suspicious
19,9,6.569751536045031,0.13395311198929052,5,287,normal
5,5,21.961740859864797,0.2903010429298276,5,186,normal
16,13,13.29161545910381,0.21172606210102243,5,556,normal
46,5,3.126767945737755,0.7022368618932414,93,229,suspicious
63,2,0.3446662054251838,0.8797666598948898,255,95,bot
44,3,2.2913902308204164,0.7822456603330771,65,148,suspicious
18,7,6.895030901163572,0.0912920133748102,1,300,normal
43,4,3.242734210712196,0.6558416245924762,73,187,suspicious
164,1,0.5535808722193615,0.8131362125060331,351,100,bot
5,13,7.329361810366812,0.06509666016738509,19,536,normal
83,3,0.8529603782598931,0.9653486234708643,454,58,bot
46,2,1.1404797423475381,0.7956176471460803,28,226,suspicious
14,7,8.411523741622338,0.01833624752449219,18,295,normal
6,3,16.377409525346863,0.05089764177120388,17,417,normal
53,1,0.6682102432368232,0.9882904720334105,342,87,bot
6,12,5.190260690706593,0.11754765369974775,11,521,normal
20,15,23.06430391115155,0.15995438982645263,15,475,normal
7,12,25.816089425127405,0.11191275216307103,10,563,normal
5,4,15.821996214849758,0.07428037395243166,9,327,normal
143,3,0.6948781665242919,0.8345983880394385,151,72,bot
19,14,9.194543494714843,0.1832958370641396,11,108,normal
19,12,28.34809659656562,0.09782455604975099,1,311,normal
8,10,19.44140865594484,0.1783736446303453,16,345,normal
18,8,18.47011264383108,0.19650334291131308,11,344,normal
6,15,12.400939218646638,0.2093640687286998,12,430,normal
18,8,6.528567515173121,0.0938443791973043,19,575,normal
14,7,21.05899234090255,0.21035267517701114,12,194,normal
16,8,28.381459614798004,0.18081165952930434,12,471,normal
136,3,0.2758091258159868,0.8454156036210493,496,97,bot
9,4,7.813499596897345,0.1132590955471447,18,431,normal
187,1,0.6036481098872305,0.8884763860199315,313,10,bot
32,4,3.201104365557582,0.76950509161071,25,63,suspicious
12,14,19.31058416638664,0.16354516168822225,6,104,normal
29,2,2.547466056423685,0.5093828269787407,38,166,suspicious
7,4,23.770581317981737,0.060983134368072664,3,73,normal
11,4,27.874181065755145,0.28830390656767146,20,512,normal
11,5,17.78982380227128,0.2839265041827042,16,71,normal
19,11,12.55665532497648,0.06649366376562056,17,203,normal
8,15,24.062512787720447,0.21801347983781358,8,234,normal
12,15,29.38039496427738,0.05055948693305553,12,482,normal
192,3,0.11500074083931315,0.8422939730291538,378,13,bot
5,3,28.957590978997327,0.24970119584594716,15,458,normal
17,9,23.628153143683623,0.23899945279395657,4,360,normal
16,10,9.340593318589505,0.037133686692291785,6,332,normal
125,3,0.8985720062436062,0.8081313691538858,155,76,bot
7,6,12.614711759572469,0.021192559458580472,20,480,normal
9,10,6.849676980484688,0.03008256607231675,16,374,normal
133,3,0.7954706707397161,0.9033678299824729,392,27,bot
15,7,6.650206686897645,0.23542641673453307,15,127,normal
15,6,29.721071162738443,0.025263328810181118,1,545,normal
5,4,10.321776611927204,0.2718424449849676,4,572,normal
39,4,1.1301130869967801,0.5011753423314558,69,96,suspicious
10,13,27.802064494083414,0.27756192495170806,8,562,normal
6,8,15.664196140301174,0.202627447194301,16,112,normal
7,7,10.116420371602668,0.17538610718054815,16,482,normal
14,12,29.129568618414968,0.1449649548408018,18,133,normal
5,10,23.47204883424013,0.04852842840637821,3,112,normal
42,4,4.917940457061334,0.6682787084414914,65,51,suspicious
19,11,6.9578247039794965,0.21649511946139502,4,309,normal
5,13,17.042317815265424,0.035920011722342805,19,365,normal
19,7,13.832608270643952,0.04416753219969409,6,107,normal
18,3,13.896155608776438,0.003467852345847,1,413,normal
8,13,22.634143306525758,0.04422047289858328,3,140,normal
47,3,1.0699411644149825,0.7961879703011724,82,191,suspicious
8,7,13.458835767476824,0.2962087221561069,17,319,normal
35,5,4.120616822938713,0.7111511598610284,58,185,suspicious
16,3,11.277369663026455,0.200365502038419,5,410,normal
137,1,0.135545038636324,0.834693850590259,374,115,bot
183,3,0.1402800862499439,0.8196580248538574,391,25,bot
170,2,0.8659336978879817,0.8112479567961081,308,62,bot
184,2,0.6888564799953122,0.9371681910020095,118,46,bot
5,15,22.57780456312145,0.15904103432199854,2,194,normal
13,3,22.509236831357498,0.0278038382753797,2,124,normal
9,6,23.28413257353711,0.027871573004857795,13,235,normal
26,4,2.7960015393443545,0.5335412314650726,66,66,suspicious
15,10,13.42548153627633,0.19425047071321935,11,252,normal
7,14,19.141378600220317,0.15739330336772447,8,407,normal
37,4,1.0578897061369408,0.5523472837895511,27,267,suspicious
18,10,9.172851242045683,0.2856323573794637,8,174,normal
7,13,25.788151718665436,0.15504017426852476,14,99,normal
12,10,24.84708679950898,0.2581798695111273,2,370,normal
9,4,28.841775757914263,0.07596043909907492,1,546,normal
20,1,3.5628424053152736,0.5483667578952455,44,274,suspicious
7,5,24.87628837161715,0.10978092128728606,1,196,normal
7,3,28.06179362744102,0.2928487687625326,16,392,normal
19,7,11.842522651401742,0.26597867185623336,10,363,normal
10,5,20.961821711684422,0.19245664348430314,19,581,normal
5,4,11.546776627524226,0.14744119596867253,7,550,normal
6,6,11.28276032270052,0.09738036006931652,19,438,normal
16,11,16.277513313460712,0.17808804113054247,18,423,normal
20,7,25.823687046001773,0.2929095715881364,9,146,normal
17,8,28.017345251197394,0.01026183031147968,10,424,normal
12,5,29.199108276613273,0.2653866762132826,8,212,normal
5,8,10.172070832236162,0.019658183187753486,16,75,normal
5,3,16.27428301872643,0.05356418355282283,19,182,normal
9,8,6.421672934009468,0.012531064908810684,6,163,normal
15,13,13.58376614027482,0.17366305216782246,20,68,normal
12,10,27.883545338491786,0.15293661111295284,10,287,normal
10,6,21.89182289354998,0.2749280909024097,6,557,normal
15,8,29.280402311466684,0.1289728360190888,19,371,normal
14,4,16.24662128398662,0.2545124146918075,5,397,normal
131,3,0.9973895537241367,0.8091229936164809,366,49,bot
17,8,12.86927125055275,0.13533889046612724,6,588,normal
190,1,0.7029181771740095,0.9850389961928828,313,91,bot
99,2,0.547827942616102,0.8626642249915507,250,92,bot
10,6,9.622626341819423,0.07679818280296462,13,334,normal
160,1,0.6606990447313752,0.8026903483764729,301,31,bot
107,2,0.6948659108429143,0.8761653443124355,239,90,bot
41,1,1.124168636511591,0.5672672580493751,37,133,suspicious
9,15,10.990337279508577,0.25198421243512814,14,308,normal
11,4,24.038629973611624,0.20247463253173986,2,225,normal
61,1,0.25821698616534805,0.8077022712187307,234,21,bot
13,9,28.406440755406564,0.1374298903119395,1,400,normal
7,15,24.64940315480816,0.07977606066474836,18,387,normal
6,9,27.165716280185183,0.10552183943784445,9,98,normal
54,1,0.59427979453451,0.8937422169138458,459,11,bot
39,4,4.726982974799794,0.707904052595757,74,187,suspicious
5,10,16.705557459888652,0.1438612949995157,19,268,normal
149,3,0.8653172309734779,0.8273186213806568,460,40,bot
52,1,0.8756349721704574,0.9322201350767276,255,112,bot
16,3,28.774622085952405,0.05487444989069031,2,229,normal
9,13,8.935726266588304,0.11546005832869101,19,318,normal
158,2,0.11178209217565686,0.8095845044124887,227,102,bot
198,3,0.873152780066201,0.995158593070377,122,90,bot
7,11,8.461550134244712,0.005572047301187366,10,110,normal
12,12,15.394984260977635,0.24039522493562826,20,549,normal
16,15,24.224837601344376,0.0794305870620985,16,478,normal
8,6,18.003777937147618,0.12139259990441534,19,600,normal
18,3,9.038792901446701,0.02408974252180438,3,330,normal
179,2,0.707644927099114,0.8046771757250772,306,40,bot
15,5,24.15851674051836,0.2539194162854911,16,223,normal
10,9,13.001169387949487,0.18063909882490217,19,568,normal
29,1,2.2345445942401745,0.7696860464883355,53,292,suspicious
11,5,9.68298206924607,0.058065255291433956,18,101,normal
8,7,28.424574358877024,0.2618787350592297,6,340,normal
60,2,0.7957191217322636,0.9753686740251446,227,39,bot
17,10,25.399869576832046,0.09365117798738344,2,207,normal
35,5,1.508698845212744,0.6334967420387106,42,47,suspicious
6,10,27.23312156230937,0.09558232115827049,7,510,normal
7,9,6.005569757210417,0.029624914652362243,17,562,normal
8,10,23.115540623474484,0.10000232839944413,20,212,normal
16,11,11.336737394486939,0.2980749707020169,9,114,normal
34,5,4.529181573444355,0.6261151334648405,38,246,suspicious
13,11,8.441189720533341,0.264026236748921,5,421,normal
14,4,6.080261091161322,0.22623420656978419,17,313,normal
17,9,22.19082751636484,0.28399706265107366,17,71,normal
11,10,24.439962066361012,0.18283152825246035,5,485,normal
15,8,12.226294270526134,0.19648139660282596,17,376,normal
6,14,21.756953185764903,0.15573324541873165,3,423,normal
173,2,0.8727515253963113,0.8813266568033153,403,16,bot
178,1,0.23073819676791116,0.8937878611329987,238,82,bot
131,3,0.39251980482002446,0.8082242406944287,300,69,bot
12,4,18.84284628765289,0.03057673170439361,13,424,normal
189,3,0.31315128402751613,0.9276291580825486,488,103,bot
19,3,9.752411356871725,0.01819262846815566,18,269,normal
13,3,19.065556799188208,0.131596482463047,16,303,normal
5,3,24.853605170526773,0.11401885656857098,6,184,normal
7,11,27.82429189560189,0.03893659005871051,12,317,normal
14,14,20.544712607784767,0.2561398606961304,19,221,normal
38,2,1.9893463092441164,0.6127622274132495,68,261,suspicious
17,5,12.905183997079416,0.10733040620656838,12,447,normal
15,13,5.810072344039675,0.11739301145276677,6,594,normal
11,12,23.956957859245254,0.2102279173937502,5,101,normal
149,1,0.40602674331477506,0.8325283495748257,279,61,bot
24,5,2.0432889716846803,0.5519247365368779,37,79,suspicious
16,10,25.766408564712275,0.0027361385584525164,11,245,normal
37,2,3.3604745643327605,0.6574212853973664,50,62,suspicious
115,1,0.2888024125969293,0.8852029442281322,244,106,bot
5,9,18.09721965735131,0.27131848354154237,10,334,normal
18,9,24.444104597749792,0.19444155469494398,14,545,normal
10,4,16.694498416802936,0.2648035867597587,18,86,normal
10,4,18.09122435985913,0.27377977519868546,12,397,normal
133,1,0.11553124304523947,0.9951276733104825,460,106,bot
17,3,6.555853271199995,0.23838900784516903,16,352,normal
20,1,2.8006778887205743,0.5091609201179947,98,221,suspicious
6,4,14.584693037815004,0.19488928726738788,9,241,normal
8,5,25.28640149517476,0.1596073910440765,2,296,normal
24,4,2.1636195177679203,0.6850990115182709,59,247,suspicious
10,4,14.669876426075763,0.0390760918293767,1,578,normal
16,10,12.971475712693081,0.04808562735425651,3,306,normal
13,11,25.5469449785161,0.019015467425113786,18,309,normal
46,2,4.301058765647036,0.726390311749765,33,288,suspicious
40,2,3.8150673637272314,0.6974265317301971,100,229,suspicious
187,1,0.18024465657102637,0.80184315924521,115,37,bot
14,5,12.674741109447533,0.15440170523309393,16,62,normal
14,3,8.504817877913693,0.0740707098505521,10,80,normal
6,8,21.03340393117507,0.07676079875146394,2,289,normal
15,5,29.545393680159155,0.24106193786712715,14,92,normal
8,11,19.41075422425493,0.07595116291551687,17,486,normal
7,14,25.159133237683978,0.15759213340025371,14,439,normal
17,3,11.529478386535498,0.03695286901025589,8,208,normal
31,3,3.098058344401962,0.6622275029573661,78,215,suspicious
15,5,8.835116663182948,0.25310714834694864,8,392,normal
48,5,1.8776112334286745,0.7684198387081899,32,205,suspicious
31,3,3.0263971120086994,0.7797108830192405,95,121,suspicious
8,4,12.355324273229547,0.0017416917682670507,3,196,normal
8,10,18.919604826596544,0.27747572860020103,19,210,normal
40,4,4.221226195604217,0.6255252425173052,99,256,suspicious
11,6,22.616492580540285,0.09159014447336535,9,595,normal
20,9,14.82681100304507,0.10044211763515562,3,345,normal
11,9,9.593664111075016,0.016320962890697777,13,271,normal
35,1,4.6219050847080165,0.6161442383244171,69,228,suspicious
50,1,2.3414514193938634,0.5708346483206811,57,257,suspicious
10,9,24.392671144075287,0.1622289167868264,10,383,normal
21,4,2.0864841973386614,0.6572984681862296,76,170,suspicious
124,1,0.620032463645369,0.9917928055598021,485,48,bot
5,12,29.55264721063469,0.13806477397093575,6,490,normal
19,7,19.578659535763308,0.2697674502814584,1,173,normal
105,3,0.6187283773888717,0.9837868623470556,134,114,bot
65,2,0.9310872616715622,0.9907681674184308,167,81,bot
11,14,21.412168152348848,0.05147592896451161,5,69,normal
160,1,0.14812939846716922,0.8443445157554348,358,112,bot
20,15,7.702817869416846,0.24851266918136747,5,364,normal
16,5,16.81755478113643,0.09207943478480733,1,151,normal
64,2,0.6767903801362514,0.9033381232118675,435,15,bot
137,2,0.11339010974979415,0.8263029846773211,499,119,bot
39,4,2.199432974990961,0.7538246289228231,50,299,suspicious
18,7,24.440584932174083,0.2930923912286129,19,262,normal
35,1,3.6306386427630657,0.6479104503056214,76,160,suspicious
82,3,0.1984799005879272,0.8388030271203861,491,49,bot
20,7,15.625179940026868,0.27739895369438,10,176,normal
82,1,0.26523075004138097,0.9535396045720466,317,91,bot
6,10,11.87642341593892,0.24480014009591888,2,528,normal
10,7,14.15419936557022,0.03811075349580135,6,287,normal
35,3,3.3293395281309417,0.7490234530569905,27,166,suspicious
8,11,18.825618335030804,0.09519353448800867,10,403,normal
5,6,19.883032795956428,0.11933311048457013,14,541,normal
164,2,0.6963104784132975,0.9373563421105442,194,24,bot
18,5,28.039947274784666,0.11694364285205738,19,391,normal
6,5,12.405119076696595,0.08573579749496502,19,112,normal
10,11,13.436937951070425,0.17268732783005145,11,322,normal
20,15,24.96940372787958,0.1469126334125704,15,251,normal
25,2,3.486345853044515,0.5607801459163441,28,66,suspicious
13,15,12.836520289485492,0.17616105171136448,1,256,normal
19,3,14.17254773305941,0.11753938699602726,11,65,normal
17,4,7.283887959474448,0.22774351931646192,19,109,normal
10,13,22.043461966974572,0.04607437770974456,3,137,normal
47,1,1.8496484272493614,0.7243610477619622,35,223,suspicious
112,2,0.2484707672952426,0.9340443158574497,301,91,bot
16,11,28.598890484173467,0.062000032064270405,10,270,normal
10,3,16.50470395156586,0.20081963900459632,14,299,normal
165,1,0.7720132269673317,0.975351005116576,181,37,bot
15,3,11.724270645111211,0.12959274377205007,8,339,normal
7,6,10.920799903081598,0.2860441246197103,3,405,normal
18,13,21.67100243403564,0.0748300826392392,16,294,normal
20,3,25.662586140600485,0.1514571735090752,7,185,normal
5,12,21.19444661391877,0.04145170892604217,2,501,normal
157,1,0.8851081792443626,0.965157834600727,387,15,bot
14,12,10.742071872675822,0.038646647955410174,20,517,normal
19,14,14.879404623204465,0.16389458122782313,11,168,normal
7,5,18.874486085403063,0.10563715092834888,4,477,normal
91,2,0.6271075218598225,0.8657678205467504,363,118,bot
6,14,12.098575787092923,0.21006126021218488,13,417,normal
18,14,15.871563040006894,0.016080454650232088,11,324,normal
43,3,4.34912103152449,0.6019182649471629,60,220,suspicious
48,5,4.703861924706958,0.7884561633893258,50,183,suspicious
12,14,10.589049285624615,0.2079041551371644,9,99,normal
12,12,20.178987492468984,0.1150963084001985,17,361,normal
9,7,8.503057576117621,0.2581784230549738,19,523,normal
45,2,3.705386649442509,0.791008796284224,61,250,suspicious
16,3,24.4861620417535,0.0309446896874916,8,77,normal
55,3,0.408794919270128,0.8903621862955998,240,78,bot
20,8,28.15191252198998,0.05713950720182293,13,530,normal
102,3,0.8754735159221152,0.9643180318436572,134,97,bot
13,11,8.751186381272234,0.023832368133245206,8,70,normal
11,12,15.430953137078799,0.1738778136262655,5,242,normal
16,3,21.95184182253773,0.036762841064166836,16,419,normal
20,12,25.564085928619303,0.29309003795282923,14,519,normal
63,2,0.10779737162006305,0.9933020374134478,268,21,bot
13,3,26.87901651196908,0.06106265634215943,16,312,normal
17,7,26.558212169251775,0.018234089471804514,1,440,normal
15,5,17.702377837983352,0.03645565807688147,11,590,normal
9,3,21.86052565659362,0.273408887663441,18,331,normal
6,7,29.602469430933024,0.1481891684164274,13,413,normal
12,13,16.548760024320877,0.181286886886364,3,287,normal
22,2,1.2058497080012374,0.6428904819817812,45,216,suspicious
15,10,26.506419043842588,0.2605050572329897,2,457,normal
9,10,12.923618073294072,0.10804727291258694,5,410,normal
10,8,15.23703167780675,0.2860336542774918,10,442,normal
180,2,0.17113127021646918,0.8583813947355273,459,50,bot
7,12,23.0005545578644,0.18400475770487879,20,241,normal
16,15,7.3372542880303,0.14802172343518358,10,387,normal
176,1,0.35151643809126887,0.8821181074433814,140,58,bot
40,5,1.4078580896194852,0.5765262682482742,42,60,suspicious
10,11,9.475444708407505,0.19782067987798563,14,271,normal
45,3,2.6013986901361306,0.6775319462403547,73,48,suspicious
10,13,20.65324310449243,0.09271217679409689,19,349,normal
10,12,20.272887646947076,0.03273592156748508,18,483,normal
9,12,21.733946922295154,0.10743417765825995,7,234,normal
120,3,0.47607909704470697,0.8940798382723121,294,120,bot
148,2,0.6244117963973989,0.912596257947184,161,84,bot
9,14,25.704971196212526,0.29995461055370454,9,168,normal
20,8,9.197581784405553,0.15615715939402514,17,198,normal
6,11,10.859853777234584,0.2410464292394361,11,565,normal
169,2,0.6013960622568586,0.924399572518516,198,89,bot
14,12,11.27785121354784,0.1784246399204029,11,330,normal
143,1,0.17911695328198607,0.9729225746958645,480,41,bot
18,8,7.007149396759203,0.2498114497050584,10,204,normal
20,4,21.533258509497376,0.2762109657941228,17,318,normal
12,14,6.057230326352412,0.20912052551587074,14,225,normal
46,3,3.8999429016084086,0.751623382298963,42,51,suspicious
15,14,20.161386233933605,0.24914756802920113,18,596,normal
18,6,18.841482712170883,0.13081576556189037,14,332,normal
26,2,1.0131915644355614,0.7403135722309606,21,101,suspicious
13,8,29.783718128225228,0.03321298818558714,15,285,normal
10,11,5.89681111026878,0.15388758995099644,18,78,normal
60,1,0.9959788325324501,0.8498791107349833,109,22,bot
6,3,20.130816414118783,0.21764992188374824,14,514,normal
20,14,10.902981543859514,0.11009577089967933,7,527,normal
15,4,29.88689991442224,0.2774763560841335,17,343,normal
7,15,5.044079947268227,0.09099908566680634,8,115,normal
40,2,4.767441284344341,0.6561493451034427,47,52,suspicious
18,4,20.361702560676456,0.04326247206892276,19,220,normal
161,1,0.9363628608553968,0.9717626436521626,344,28,bot
161,1,0.8922413207452041,0.9955112108296535,318,112,bot
16,13,19.10502018536619,0.017644735616815843,14,139,normal
13,8,20.88367043397968,0.21011246973884218,12,330,normal
16,11,9.033929623599578,0.08439065704314389,1,73,normal
7,7,14.280671293737946,0.1793749763986812,10,176,normal
16,4,12.774028951420059,0.04965268634761122,11,458,normal
18,6,14.247814408969912,0.18685320817976758,16,149,normal
16,14,17.68322680534662,0.23177625803177743,16,284,normal
72,2,0.5428533056854058,0.9160306210968354,455,108,bot
155,3,0.6958914766613123,0.8106298287860988,208,28,bot
15,6,8.310050671869309,0.18172304139422765,12,519,normal
8,8,26.443074541142476,0.23474485261401076,16,493,normal
44,5,2.6862428143386885,0.6425918899740127,36,287,suspicious
15,6,15.122282936325927,0.2589429230687592,6,509,normal
158,1,0.6172190726737502,0.8305267164440613,185,23,bot
19,5,21.881348005709704,0.09867366186679712,13,289,normal
15,9,29.37064988193123,0.027058184382163307,7,354,normal
56,1,0.7955905043556152,0.9949873737759548,306,117,bot
49,1,3.913132238003733,0.7225426728553255,63,122,suspicious
19,14,19.72160247368216,0.059144121914874934,4,106,normal
7,5,16.091131301460614,0.14103707680831726,13,519,normal
100,1,0.2543719333216908,0.8327655631453186,391,35,bot
76,3,0.14746559281257324,0.9227345276115948,365,110,bot
13,4,8.100119996896158,0.13184569311097222,3,147,normal
12,10,14.457138761585945,0.2583469663171254,19,270,normal
7,11,17.292463990737346,0.12185520361977291,7,150,normal
186,2,0.35201325496663327,0.8559178967543187,273,97,bot
17,14,12.10693596725071,0.09995315099479697,4,420,normal
15,7,21.859963337905004,0.204670179111846,8,322,normal
10,14,11.89347772058964,0.011132944870034267,17,385,normal
45,1,3.528072478106231,0.5720064471947104,52,231,suspicious
6,11,15.83792717867559,0.049424848018239376,1,290,normal
6,9,7.723300168802098,0.26829987903058383,14,143,normal
14,9,11.27120602164398,0.2869181758294111,14,597,normal
6,8,5.3128609844831125,0.0006615214131717061,2,323,normal
15,9,28.043602622741012,0.2907694956311158,10,440,normal
19,6,23.96670692217214,0.18489385683572068,14,558,normal
9,15,5.379716249145856,0.12876323692480743,3,409,normal
47,2,3.619463879376456,0.7403549829819233,77,298,suspicious
8,14,19.274431410401537,0.11654163049576136,17,468,normal
8,3,6.453419718725788,0.04387220330094662,4,467,normal
91,1,0.4537154229795619,0.8351468846024215,151,113,bot
10,7,15.675341302358241,0.06471456614041524,19,397,normal
11,3,13.100620593284935,0.23138833802334863,1,454,normal
45,3,4.139991071456711,0.5515883966966959,87,252,suspicious
16,11,7.495540166544153,0.28540064658278186,16,302,normal
29,1,2.7915621505659387,0.6752806687246926,55,49,suspicious
156,1,0.16213297303416882,0.9215034183034625,167,53,bot
13,13,28.55843662045924,0.216762166569341,9,216,normal
12,9,16.47351769076301,0.2729918774314934,16,495,normal
10,5,21.267535969942422,0.2697764740972354,12,418,normal
20,15,8.223837277950324,0.2666600804795469,12,247,normal
14,11,20.480067500639024,0.1296798835885481,12,316,normal
6,15,23.626346490865032,0.27493463486985736,10,232,normal
12,7,10.517252551200173,0.07484596109515658,8,101,normal
7,10,17.066678401452712,0.18382253136016974,15,215,normal
10,6,23.090227874679922,0.2753504178985742,11,63,normal
19,12,27.527341087726597,0.13954831152633343,7,153,normal
13,7,25.59707330055886,0.27555227893553474,7,507,normal
12,6,6.4890784124015255,0.1231906593482564,6,352,normal
57,2,0.9311155459069987,0.8810166808788236,440,16,bot
7,13,26.585782658409332,0.09229095259613407,8,261,normal
15,9,10.850513084439315,0.2970621559397248,20,435,normal
23,4,1.6274027195888996,0.7506898687637922,42,37,suspicious
13,11,21.937989378875255,0.2500957042319679,11,84,normal
162,3,0.703849489824117,0.9412805024121031,473,72,bot
9,3,25.944539843844957,0.21833142340274453,13,354,normal
14,8,23.446208750715737,0.1021068802033728,3,284,normal
63,1,0.7174996891902007,0.955674640086398,248,32,bot
21,4,3.4899856213981018,0.5269292720273218,37,44,suspicious
8,13,8.943731721017379,0.21628940513839684,9,496,normal
20,8,13.84545846080303,0.14805774771524835,3,92,normal
165,2,0.6124033561180936,0.979978917319611,492,98,bot
38,5,2.0985921780195245,0.7156752563653197,76,172,suspicious
16,14,10.061289753087431,0.01567233254591036,4,334,normal
5,3,8.583750074699882,0.2451588544647276,12,561,normal
14,6,17.283612452080146,0.2254917969369578,17,336,normal
16,9,11.593793787824808,0.1864145890180128,1,159,normal
23,2,2.7177053076084943,0.6020191583797024,59,213,suspicious
14,14,5.1401654397161805,0.12451202455836166,5,194,normal
10,4,17.18715777980976,0.1602067279037768,14,580,normal
15,6,8.816238452182366,0.13344914614321304,4,202,normal
5,6,20.36157879359395,0.14740294861926853,11,499,normal
11,7,16.38969367994723,0.27680705912535786,1,433,normal
192,2,0.7770356567107125,0.8910775707544583,498,113,bot
19,12,23.585605038729046,0.23095937309047104,16,503,normal
11,6,6.243334345765174,0.11748764053980852,6,390,normal
63,3,0.12240620878591396,0.8479820973345003,352,38,bot
24,2,3.174382502714383,0.6795624696079963,79,128,suspicious
8,5,25.60987170839655,0.240545340030983,7,514,normal
8,12,23.446933448215646,0.03405860352578608,12,80,normal
138,2,0.5568471016012642,0.8231434787181955,373,42,bot
173,1,0.7998417707400153,0.9121510909275675,474,24,bot
8,13,8.727311366447015,0.07999813878147218,16,77,normal
13,15,18.387678163721013,0.120484143130241,8,432,normal
5,11,9.457611559814943,0.24935316768310659,5,450,normal
181,1,0.4236890075612183,0.883328234726756,278,62,bot
83,1,0.3454675972182187,0.8414276314921095,313,51,bot
7,6,24.544800102954984,0.28436247781833895,1,533,normal
164,1,0.2374203010682899,0.9755191285921948,166,23,bot
7,8,23.471646049009635,0.0919269061429286,5,112,normal
62,2,0.33443930273173095,0.9150488336802551,482,32,bot
11,8,24.33756940886699,0.024527070687168428,13,529,normal
174,2,0.25531757700200153,0.9447452426824022,108,120,bot
5,9,10.083639193200485,0.23116408402438438,2,65,normal
70,2,0.7867492250359419,0.8570632944585042,234,83,bot
13,15,16.491012610219705,0.02654087719726077,9,242,normal
6,5,9.270570041242532,0.12456030343899789,4,527,normal
5,10,7.645204878271673,0.12923869726555237,13,310,normal
12,13,11.28889859845432,0.19263864092229255,1,148,normal
144,2,0.14730428444306537,0.8145375078550303,167,41,bot
12,7,18.862468265894357,0.1472617845706988,19,336,normal
33,4,1.2889105663750158,0.7429399093087437,96,253,suspicious
5,9,13.893847847885059,0.11210091169327298,18,70,normal
19,10,9.833931439380578,0.2674552938914219,9,262,normal
6,15,5.173007297368449,0.1629106907514405,13,107,normal
87,2,0.22690704723589297,0.994350309534972,100,68,bot
13,10,15.709756324820194,0.019626642011027717,4,293,normal
19,4,17.926936357770224,0.15551286624335015,14,93,normal
106,1,0.8287147265006156,0.9167654751093933,202,31,bot
31,3,2.6515372348915873,0.747698652882465,58,194,suspicious
197,2,0.1336846560993556,0.8343726377331467,351,74,bot
12,9,10.239382927909354,0.15190281872250117,19,519,normal
41,1,3.3714772393205834,0.7934237737323842,28,87,suspicious
73,3,0.48245732353690385,0.8189732667316835,276,36,bot
15,4,25.306610208214703,0.2758814673296038,20,403,normal
171,1,0.26243875958381496,0.9574677881442084,270,20,bot
19,6,27.752324065258552,0.017637778639087907,12,226,normal
8,14,12.091486823606939,0.28638355385461456,9,589,normal
65,1,0.4923541489480231,0.8016329378793059,369,49,bot
16,15,10.915673192903729,0.007742846090189303,5,563,normal
18,5,24.180805606333944,0.23755582496305847,1,574,normal
11,10,7.1145039401189365,0.29559952569071685,8,566,normal
12,4,11.48474698823199,0.24581507457743032,15,471,normal
6,15,24.049589880778885,0.11090854452361053,1,154,normal
19,11,28.594251115126596,0.28941620197499107,9,81,normal
12,8,6.707092949413819,0.16526991616122239,8,258,normal
27,1,3.3404343810603163,0.6215193227639583,89,176,suspicious
15,11,20.27982710040623,0.2763931158043939,9,374,normal
19,15,13.05837636182477,0.22151991615676517,6,417,normal
19,13,6.529327332775212,0.15640918266555812,10,248,normal
96,2,0.49580225523327703,0.9504695166068426,183,71,bot
20,4,16.032632533806574,0.20556385909647015,14,385,normal
17,10,21.658618052759326,0.22300753941041315,15,279,normal
6,8,5.836549022659671,0.12026917032548295,7,242,normal
7,10,14.07545869290621,0.16696196535214103,1,207,normal
16,13,8.787541503421377,0.18988205818483134,14,130,normal
51,1,0.40577387835555834,0.8291155516935181,321,110,bot
10,9,26.88689513786645,0.20272783258418253,20,312,normal
7,10,9.814503644369278,0.03899061956988733,14,554,normal
16,10,26.279485558423385,0.21389641054417988,8,317,normal
12,7,24.91398729416015,0.21984268470022636,15,405,normal
128,2,0.7326294704239548,0.8019469460806824,142,12,bot
20,8,25.014566784001733,0.1476913901813434,5,233,normal
116,3,0.20536137271590843,0.9728319642793638,203,27,bot
34,4,1.16050424246589,0.675599631316465,79,115,suspicious
18,7,14.023221625392216,0.11390184236874418,12,210,normal
19,10,24.4315003058726,0.06138890355936818,8,381,normal
163,3,0.19537928032852464,0.8812077235646325,178,55,bot
79,1,0.44568460355375616,0.8061277249433845,254,76,bot
150,2,0.7633460601847434,0.9552481077588212,436,94,bot
9,6,14.220212511723663,0.29223395790472734,5,80,normal
19,13,10.982866060839442,0.19061514569777716,6,154,normal
10,15,19.921373605300655,0.17000757715806,8,230,normal
10,11,22.907418754610802,0.25910681309984185,19,197,normal
21,5,3.8572045074423076,0.7801882800889034,77,239,suspicious
7,15,8.977840673063957,0.07324940408456536,15,161,normal
66,3,0.14206182117505073,0.9621982050498831,177,33,bot
15,12,29.847844671412194,0.12273889759723769,2,203,normal
12,7,21.847351873266913,0.19261331965487571,7,507,normal
15,13,11.85476747496849,0.06858435537903676,17,271,normal
12,4,22.23026010121557,0.2670720751014875,11,286,normal
7,15,18.872915036030545,0.02566786238798301,12,272,normal
110,3,0.37681296978590406,0.9338098813271105,107,17,bot
14,7,13.907754984642041,0.02040957943573327,10,199,normal
30,4,4.502663770229304,0.5396397183258063,84,209,suspicious
11,8,27.49349560633362,0.09588712025952702,20,500,normal
11,10,17.174788393540624,0.27073710797999806,8,453,normal
41,5,4.130219854355948,0.6615772182979018,76,122,suspicious
17,10,6.7016980036372225,0.029066357761642913,3,228,normal
26,3,3.5982146185327157,0.527722676361777,84,134,suspicious
8,8,29.99546896976235,0.12011059142261933,10,231,normal
5,9,18.30104352668591,0.17215083838864628,15,511,normal
71,2,0.6638181557844212,0.8052628180627415,375,84,bot
18,12,20.660721658677417,0.23780275216338131,8,553,normal
18,7,28.208697496758656,0.18801902163032477,4,477,normal
19,11,24.37355320153185,0.09589814051909192,4,417,normal
20,14,25.991092934871425,0.23059319388851238,6,136,normal
11,4,6.967936948076252,0.0964904511820276,6,124,normal
17,4,29.212082530850694,0.1261516868069422,15,307,normal
17,9,5.433715777733701,0.2558453115360494,16,277,normal
9,9,23.591083221219982,0.06791943577259528,1,199,normal
6,13,20.313487284049558,0.1989967249449987,13,234,normal
14,7,18.880856862274705,0.2490287434494056,19,447,normal
50,3,4.281681759412198,0.5005347186563885,90,191,suspicious
14,6,9.768131857890204,0.23633692121699357,8,310,normal
38,5,4.756468518211732,0.7228417121432764,65,194,suspicious
15,6,5.642047181353902,0.06299937057462593,14,334,normal
112,3,0.8695233338665838,0.8551808372757701,476,51,bot
12,8,19.503416890592167,0.12311566002092933,2,450,normal
16,12,19.802610803699814,0.11422522798546118,10,219,normal
6,14,10.338311704855805,0.06003140998985818,5,113,normal
199,2,0.5874491110766858,0.8489421736796334,222,107,bot
9,14,24.858840748333538,0.25595570686852653,6,122,normal
17,10,19.824208089940136,0.23843863183581232,3,497,normal
9,8,29.03249405640943,0.06751548239755908,13,320,normal
14,8,6.867769736866917,0.11199733531997062,11,161,normal
180,1,0.9067517468878065,0.8864047887073403,389,19,bot
10,8,17.24976396256681,0.020411007202095776,2,241,normal
5,12,20.54678502732973,0.20371978864556212,2,262,normal
174,1,0.24652212928353875,0.9676257294947651,481,54,bot
14,4,13.257895472523257,0.16542829503806689,10,231,normal
14,9,6.878688384693117,0.1244995385422079,5,125,normal
110,2,0.32750559621641906,0.9436553250178696,339,80,bot
13,8,19.447133265981805,0.1676335048143473,5,296,normal
10,14,18.379296675543053,0.15095793129068547,1,323,normal
17,7,22.248303651397922,0.08588063795657923,1,237,normal
8,4,5.9282192994338745,0.08985934121111878,8,207,normal
8,10,18.4572305371835,0.03622817711513036,15,343,normal
6,5,17.545802965975668,0.00014555057243136326,11,474,normal
162,3,0.10397695092575161,0.8970226710469997,210,91,bot
112,3,0.9992340036447941,0.8631893549530331,460,13,bot
6,12,11.360967902572408,0.18901340020267862,17,321,normal
9,8,20.506105507556406,0.10217390545770594,15,262,normal
10,10,13.826425460753804,0.29662000793552995,19,279,normal
15,15,27.20454604255289,0.037688429849051186,16,383,normal
15,8,18.62088904009331,0.1879126327124956,16,478,normal
129,3,0.13846067610800786,0.9127692761901885,419,31,bot
200,1,0.6840709277870822,0.9708126655482148,438,28,bot
9,9,25.274635663528397,0.21707073360349208,1,392,normal
20,12,23.199576380263487,0.09311051022313524,12,461,normal
99,3,0.5209228901208629,0.922955814711309,215,84,bot
8,3,18.213303164917754,0.24479719976449746,8,327,normal
5,3,6.128664934167572,0.044885985900651966,13,399,normal
18,9,16.22686875796664,0.01734851163377642,16,488,normal
21,5,4.899974658123799,0.6156916928373644,97,59,suspicious
17,3,8.305662510015544,0.1109560654719839,8,98,normal
6,3,17.67719908981349,0.02529358045460318,17,324,normal
20,14,24.58451736698568,0.026730539700046473,9,377,normal
8,6,24.75679587835278,0.2316291291214121,12,457,normal
12,9,29.124727848797928,0.1538145569666071,19,554,normal
6,11,21.165464007372137,0.21146163350569572,8,542,normal
52,3,0.5631084950100231,0.99729918445707,119,117,bot
12,3,19.376273482464043,0.15036636935977502,13,356,normal
16,5,9.705588800992395,0.011066555079172579,18,436,normal
38,1,3.5758081095147523,0.5365463108388083,31,257,suspicious
10,6,13.824906181264236,0.23083497707749445,15,114,normal
6,13,12.237865866113003,0.0671786371104226,15,179,normal
8,7,27.952530130481136,0.11280063936894785,12,372,normal
11,13,13.144828836857501,0.02380192591201531,13,460,normal
15,8,24.47477632091945,0.00463617370472057,8,359,normal
81,1,0.5215797002157333,0.9503406462100173,240,48,bot
18,8,19.448459979156567,0.047668768844256394,18,344,normal
7,15,5.152476500883311,0.028781540620787003,10,576,normal
13,15,9.565529091242453,0.10461057078586904,19,445,normal
6,11,22.059467115124935,0.2326368105417469,9,203,normal
107,2,0.8152832593730353,0.8769943443996698,404,13,bot
167,1,0.9568669082677423,0.9318446382937254,471,59,bot
20,4,22.580658193826864,0.1977717766296843,10,435,normal
6,3,11.710800326694596,0.008819912740239143,7,218,normal
6,14,12.508890911852077,0.10613707956126625,1,129,normal
8,15,14.663249783860927,0.26658696493790607,19,221,normal
11,9,5.512039135754113,0.14359896220635046,18,65,normal
7,5,15.76384200074163,0.0133387807590859,2,168,normal
20,9,8.492283172875357,0.1893091658999426,20,561,normal
17,12,27.11759194561816,0.09535249852017158,3,162,normal
29,3,2.616617570354831,0.7349548667040894,56,145,suspicious
12,12,13.861635317816404,0.11713776295030637,11,166,normal
129,2,0.3102955578593388,0.8256449568669146,417,62,bot
10,7,6.455338792973662,0.021307986644716358,5,362,normal
16,9,11.4881637950997,0.14069899841436254,13,228,normal
12,5,11.36792594586732,0.22358225737864382,18,599,normal
16,15,11.8416407187807,0.14658290692037834,6,513,normal
16,4,21.623460024633893,0.22742078580856706,19,140,normal
37,2,4.4936307202087935,0.7152694102254337,57,58,suspicious
11,14,5.093093121228879,0.11497582293972303,12,524,normal
16,10,19.532451747570846,0.028615210269742928,20,128,normal
147,3,0.9182737618877886,0.9585172835791447,146,64,bot
137,3,0.9882150873892543,0.9554363312370033,390,47,bot
7,7,25.976480390477175,0.24577438288006315,5,496,normal
100,1,0.2696717427773938,0.8574752300473276,496,25,bot
5,13,11.775346230125944,0.07526419653359402,10,578,normal
5,3,10.334339622526679,0.14213675937832299,14,222,normal
115,2,0.8591720631840177,0.9912438710884774,468,71,bot
121,1,0.2926048790065732,0.8027885721593528,340,113,bot
11,14,8.8698030111871,0.06465070012442477,20,582,normal
25,5,2.9506998235779633,0.5812340768374156,47,43,suspicious
91,1,0.31892768699529045,0.8287721954287152,116,118,bot
12,15,6.18948157250883,0.11749360836336288,20,424,normal
14,15,20.571703430715694,0.09484361133763594,11,285,normal
171,2,0.4781107149690639,0.9962964264257494,359,10,bot
12,6,23.828989987375877,0.2567988727404883,1,84,normal
11,13,13.484897848387032,0.18907134816112056,5,430,normal
8,5,12.387686389152215,0.07120564829646805,9,489,normal
48,1,3.1415080613968773,0.5521502075947972,46,204,suspicious
166,1,0.14533262431924504,0.9316702513001844,490,59,bot
18,11,17.697031202776827,0.11471716435948205,4,551,normal
10,7,25.37684022484065,0.2905830357133139,20,66,normal
20,3,4.420241271701579,0.7171913883130545,87,289,suspicious
10,7,19.92154780517084,0.1394142064862859,9,118,normal
44,3,1.6448433327727665,0.5252239342162729,26,251,suspicious
18,5,11.992704823041823,0.2822501099131483,14,447,normal
18,15,13.122439467635644,0.17793382275816258,5,403,normal
10,7,10.616737116415718,0.20715435266315224,19,257,normal
10,8,15.913132946682733,0.2690544290774281,19,257,normal
49,1,1.1001370590111081,0.5806993218812293,97,181,suspicious
59,2,0.9572485078079629,0.8033700111976716,467,65,bot
128,3,0.6524777165428332,0.8567476270286101,369,108,bot
25,3,1.5166653280962983,0.7955393692826223,39,90,suspicious
15,3,23.271218380340752,0.26466524962683324,10,190,normal
11,10,18.71420298516924,0.17573681695627463,9,578,normal
17,11,16.562347760157614,0.05787967468588501,12,498,normal
6,9,10.841230307793241,0.11637529874260003,12,114,normal
13,6,21.80935376030998,0.12264135520659075,15,288,normal
19,7,18.480233281056613,0.2526777443269637,1,271,normal
96,1,0.9697664572907925,0.9321078461019897,301,38,bot
17,9,23.040006598125085,0.004756868001354442,15,269,normal
20,4,26.252998760008705,0.16551797941650573,20,142,normal
7,9,12.728326779502867,0.12834896926001263,13,288,normal
39,2,1.7721611852353818,0.5847642274813445,40,242,suspicious
37,3,1.188119041405177,0.747485805479892,97,235,suspicious
11,7,15.889221315735426,0.04735365838954758,18,524,normal
10,7,27.316070771511036,0.03604059821257447,11,527,normal
9,13,15.05972090406122,0.16718892672070873,3,566,normal
18,7,23.73360152692483,0.27189549388488077,20,364,normal
64,3,0.8477190609998194,0.9474901492748697,407,26,bot
5,12,19.339047405149493,0.2000169906431826,8,119,normal
10,4,29.89397834057325,0.29649560184337426,5,412,normal
121,3,0.30345912964790056,0.889544687771952,276,39,bot
8,9,20.189481997643664,0.22264988656384474,1,467,normal
19,10,23.221580853125314,0.08038425529456746,2,373,normal
9,3,17.531230137893246,0.25939114514959727,10,79,normal
16,4,27.800637397642745,0.20032190971003416,4,456,normal
9,4,26.63829854912302,0.22366073129005634,15,381,normal
9,14,7.354250234779048,0.19187671510068652,4,517,normal
63,2,0.3881373448370914,0.892667906249739,118,110,bot
12,5,8.70451990796716,0.1384955559138046,2,418,normal
88,3,0.6877016118348843,0.9725688751701228,283,67,bot
5,3,29.21072516922964,0.22172768579237864,17,143,normal
152,3,0.6347331453740903,0.9380651893284759,435,92,bot
36,2,4.903867327740821,0.7729325328779078,99,182,suspicious
90,1,0.8638195949102359,0.9921335075948864,103,84,bot
8,15,21.1743190599341,0.09223327760137551,6,392,normal
19,14,22.724684939012057,0.17172757780423423,15,188,normal
140,1,0.4050963424561501,0.8740117416663372,316,76,bot
7,10,21.48850331777931,0.22159609750042142,3,232,normal
19,6,11.438871410843767,0.291978968654268,20,468,normal
5,13,11.394552070749674,0.04220235441753182,16,402,normal
19,9,24.92029675212987,0.09569989502508405,14,495,normal
10,5,11.686651578520392,0.1820956292950865,7,467,normal
10,8,16.219764480470097,0.10501556430226407,9,283,normal
9,9,5.372442192134398,0.29553775795538934,9,246,normal
13,12,17.362928813459472,0.008841486035593205,15,543,normal
8,10,18.172410686544097,0.09932741293490517,2,369,normal
171,1,0.9500731469070989,0.860648427528739,115,16,bot
8,12,14.783857056960876,0.0927801009617968,10,80,normal
10,6,12.228596102542445,0.26526978919090033,4,419,normal
7,5,13.129129935723487,0.059498273511976923,5,541,normal
6,3,21.013684440848238,0.04517521125656143,14,532,normal
136,3,0.9803605576513437,0.9098693098141147,381,112,bot
5,10,9.764532157045023,0.26914022204924276,20,306,normal
21,2,3.1136415063559966,0.5367782739365148,67,116,suspicious
26,4,4.850123969904422,0.6312961831951686,38,195,suspicious
16,6,13.765699626084631,0.18623116071900145,14,195,normal
16,11,29.337026877036145,0.04264873726925893,20,286,normal
14,5,19.02832341764766,0.24430451427764643,3,194,normal
176,1,0.4647353927701151,0.8501071893386951,470,63,bot
158,1,0.6847575056884118,0.9227484037568487,126,92,bot
15,6,29.76674231810146,0.25410070518006683,11,521,normal
11,6,28.583361231600602,0.13865763936889458,12,331,normal
7,11,18.543009122634867,0.1862286293854519,17,185,normal
9,10,22.54026672976158,0.25038682837759124,11,468,normal
10,9,7.607505035638702,0.050427671854163025,19,599,normal
8,12,6.530443512094406,0.11309834967508234,17,98,normal
6,3,14.228998427565353,0.29521867857476547,4,531,normal
148,1,0.9162897610092933,0.9647503447314367,289,93,bot
81,3,0.3470393064433854,0.8761092113038265,329,94,bot
54,1,0.9612192942469323,0.8638560945223541,493,22,bot
10,12,13.782491452948216,0.18922880920671026,3,139,normal
14,12,20.216215207140678,0.24589312920333545,11,234,normal
10,3,28.148608534887973,0.19876778658159872,6,162,normal
9,6,29.51367806594836,0.2594677727679949,19,302,normal
20,14,10.422009642072155,0.2154765578840765,10,192,normal
18,8,7.120593459576128,0.07902768604407948,4,483,normal
46,1,1.5332403136937027,0.5068839219490708,75,172,suspicious
16,14,17.539437031953614,0.11523233290372686,20,285,normal
186,3,0.6389041790565181,0.8654352212132398,452,12,bot
12,3,15.129192846658167,0.22004930365360084,14,152,normal
11,7,29.73300718075421,0.1753355456162829,5,65,normal
15,15,11.489987686767307,0.04856024078275495,3,272,normal
105,1,0.6412743778914873,0.8699443752694166,219,26,bot
15,3,6.973924822462791,0.18509995502343166,4,281,normal
5,7,28.77073178096854,0.16596216624391733,10,89,normal
12,5,12.69957846656929,0.012625895891066807,5,505,normal
69,2,0.9302270681669392,0.8563071947609796,204,59,bot
9,6,17.64143274357281,0.19470936091953603,12,521,normal
5,4,14.301467118989388,0.22719027936965006,17,455,normal
15,15,14.275343364223193,0.21396949345799254,14,255,normal
5,11,20.74256563535996,0.2807807458103995,17,145,normal
16,10,14.65662694653187,0.2457359504992539,6,472,normal
16,11,28.793880335032714,0.13600862075844714,5,444,normal
10,12,29.573412609696895,0.1721512420354993,19,446,normal
6,15,27.858656946711537,0.10720790694960015,15,597,normal
18,15,25.127264497548598,0.030877725428717938,11,556,normal
7,4,18.33327284723485,0.2279742958287391,5,311,normal
19,12,10.899917134074101,0.2237952250461547,12,95,normal
9,8,26.164796682343816,0.08994472857291494,4,198,normal
13,8,21.27033685726248,0.15490869420294687,6,130,normal
16,11,10.985684440265992,0.07565831229316045,6,237,normal
27,1,3.2675019012740387,0.7504048646858507,79,142,suspicious
10,3,16.782897335620348,0.2615511314966405,13,466,normal
12,14,24.305736515025362,0.25101897125459705,6,348,normal
8,7,26.694333847444987,0.2788416676003333,11,247,normal
120,2,0.9561554679956181,0.837161727799271,340,22,bot
163,3,0.30777693417210017,0.948750713724461,311,50,bot
28,5,4.0607037067906475,0.7419921446229649,97,87,suspicious
12,11,17.118868814325033,0.12421455544014444,17,325,normal
12,7,5.793944518223844,0.1990721476094122,16,457,normal
18,10,28.58766314130915,0.277035465395235,19,499,normal
84,3,0.13014064238454698,0.8048193348988646,340,80,bot
18,15,12.448236062822282,0.11979519857407095,13,382,normal
8,5,20.833263100085198,0.009661742082007851,4,333,normal
18,10,20.47572550994228,0.19993595172613807,3,82,normal
40,5,4.223703857872973,0.6322428594125082,43,205,suspicious
155,1,0.5110300323797393,0.8679715666014705,235,29,bot
12,12,26.687056393925626,0.07119755476274547,18,552,normal
11,3,24.646619705340022,0.020035639313999497,11,537,normal
6,14,18.95912161337064,0.23683594455701878,2,128,normal
52,1,0.997797411769932,0.863353464291209,150,108,bot
7,4,16.669138768501604,0.15671850868941603,18,466,normal
5,15,11.340714509929366,0.06450343137504536,20,431,normal
19,13,22.530026216120334,0.17616036859723586,9,587,normal
81,3,0.5274211146680026,0.885742154476463,306,34,bot
16,8,27.65025512229661,0.06557309341813382,12,88,normal
36,1,2.0065246790156133,0.6990605207431301,59,205,suspicious
13,7,13.53344915602845,0.15461550947903505,7,326,normal
12,3,17.346642488919954,0.06927652718184858,1,138,normal
8,9,23.036229787587267,0.1484211415139487,10,566,normal
187,3,0.6523336525925068,0.8560737399218761,170,26,bot
185,2,0.5527283654798394,0.8589978838907488,300,62,bot
20,7,5.6084109382827165,0.14622098658092383,19,567,normal
12,3,5.385485508482408,0.13822470134598658,3,431,normal
14,8,24.21990108280397,0.20747596208993035,18,96,normal
110,3,0.8439320318363762,0.9457891251491424,162,92,bot
7,15,23.98783747891742,0.1609669240864556,18,90,normal
11,4,22.620837485642966,0.020810563185198017,10,183,normal
5,6,11.918691848521345,0.135758945955196,6,330,normal
36,5,4.286551517056615,0.5329029975457972,90,113,suspicious
18,11,24.464348622803744,0.23419752370815455,12,318,normal
127,1,0.2227132875704852,0.9426369294414726,444,83,bot
117,3,0.532693455570557,0.8771809711645282,289,53,bot
15,8,24.969608595104056,0.10342066134776491,11,247,normal
75,2,0.8567101348706124,0.9188502048552218,403,14,bot
12,3,9.948510308435644,0.2759867016871797,8,420,normal
10,6,13.929762847575626,0.016500204346019887,18,350,normal
19,8,17.150867674274828,0.1646702012390672,13,472,normal
14,9,24.049593189000305,0.21405095873287355,3,429,normal
62,2,0.5666869028126954,0.94566227383913,141,37,bot
49,3,2.402149321987427,0.6325857814520572,50,61,suspicious
5,12,20.899580382386745,0.10804248722154201,1,513,normal
11,9,20.198187656317558,0.023636488539072697,1,163,normal
165,3,0.9573457190067063,0.8396383497207196,469,101,bot
6,15,5.326920853727558,0.13565497726890313,9,285,normal
5,12,7.028002387552272,0.17734434518943212,1,272,normal
34,2,1.3143876573639184,0.7440600675038229,59,104,suspicious
15,9,24.895617470603458,0.11847753369525027,9,249,normal
134,1,0.31466859340007314,0.818414796601673,385,62,bot
180,3,0.6823475237118093,0.8550771089927328,243,51,bot
18,4,16.316788126477782,0.02850826641245254,13,99,normal
16,15,11.00589393461766,0.2504475300983683,16,366,normal
15,10,12.45625562284921,0.09437329801816023,9,252,normal
9,9,24.69171890296938,0.05123279856484798,17,158,normal
11,11,12.73858158645408,0.24134831249269423,17,120,normal
6,9,24.784184708637657,0.21463541222903224,14,571,normal
12,3,13.475142508273665,0.13982431585691496,17,271,normal
7,7,21.448626517520008,0.1656732993869539,6,275,normal
17,6,7.7737706001264435,0.2858454232471924,17,500,normal
18,7,13.718530544049486,0.09261126587203068,19,464,normal
92,2,0.6145308771344582,0.9963482926619189,306,23,bot
8,10,15.410597933087837,0.25522848669571674,2,230,normal
7,14,26.42976500907314,0.08638709117456808,3,557,normal
8,10,15.449195144192869,0.0782026007282532,12,403,normal
79,2,0.2992439100137418,0.9099468327566931,242,113,bot
22,2,2.924654086438933,0.6636104090107549,76,279,suspicious
10,6,26.982116501906734,0.2966584844954865,15,188,normal
197,1,0.6410976776549808,0.9271719555736402,498,117,bot
20,11,6.862280881793044,0.27021331537964394,5,383,normal
16,4,8.619967415365652,0.08873481873590332,16,258,normal
15,7,25.590044398799407,0.2432426698889485,12,492,normal
8,7,28.363151132360596,0.16864910457470564,19,94,normal
10,5,6.839408024827055,0.10800466460221854,14,147,normal
13,7,26.29615784238022,0.1717771979091293,19,302,normal
15,10,29.8900859197344,0.13928039062443817,14,386,normal
7,8,5.414409194355919,0.1447229155004949,10,237,normal
123,3,0.33605161433525454,0.8358709825193855,472,29,bot
10,15,6.178365103651711,0.018781211760155146,10,435,normal
15,9,9.917179860217189,0.2825754448567496,2,479,normal
7,9,18.00434617610531,0.1159100610737616,20,409,normal
17,5,6.061829491163141,0.09971923314457291,7,310,normal
14,10,19.821370761907357,0.07370188995871617,18,284,normal
11,5,24.697431971611355,0.07643372609694117,8,418,normal
12,4,25.39658546933526,0.02330846895697424,3,599,normal
23,1,1.7345140383585207,0.7351132738538296,71,185,suspicious
38,3,3.520449743782706,0.5788782288946154,71,226,suspicious
16,5,17.47047989928802,0.2119740497592482,15,268,normal
99,3,0.8826554835360602,0.9610962297643246,420,38,bot
11,9,8.050339890670001,0.25650479082172933,5,458,normal
13,14,28.155600729897696,0.24918112585575553,10,255,normal
43,2,2.9965878497645977,0.6092421443057048,27,87,suspicious
197,3,0.3232239503535562,0.9574385648152266,461,107,bot
14,15,9.32694237050308,0.030134958789511723,18,421,normal
16,11,7.514623470920352,0.2625965328011159,4,315,normal
11,9,21.182472463006086,0.2836981582840025,8,564,normal
38,5,3.1510169681513025,0.514017788734431,56,69,suspicious
89,2,0.9325738373743788,0.8335129836675559,363,94,bot
15,4,24.61267541074165,0.21825563453482758,10,479,normal
19,8,25.42079880263574,0.04078682952724074,13,486,normal
19,12,28.032697948878745,0.05556654690370437,17,154,normal
32,2,3.5526646120569607,0.5892979861513712,32,222,suspicious
12,5,8.03562496630427,0.17098262935800876,14,565,normal
19,10,13.505850837825179,0.26068105486038834,16,517,normal
7,9,15.472054685413458,0.20115307243844863,17,372,normal
10,6,7.570212073910039,0.07796492355016331,20,446,normal
18,3,28.805952446746907,0.011211537176615893,3,587,normal
15,3,27.8569231510857,0.006300456946222199,13,183,normal
14,9,8.720282272311046,0.12167882359857835,6,88,normal
178,2,0.9239901436501915,0.8280449933831627,113,42,bot
11,15,10.519801254403244,0.2139852985339186,1,370,normal
5,14,15.094507161202152,0.26578309841445547,4,349,normal
14,6,28.012684194770817,0.29738598226325863,5,450,normal
12,4,10.578110694014931,0.22423671797402556,7,251,normal
122,3,0.11533059833838745,0.998355136471234,456,51,bot
31,5,3.2544993015724843,0.5225766653424071,66,40,suspicious
19,5,10.536685323926001,0.12458128633932258,14,203,normal
98,3,0.6481914733905144,0.8604363645010018,243,81,bot
10,14,13.62316837073858,0.0709138715659325,14,343,normal
19,11,14.97259335621845,0.01021652552760991,16,560,normal
7,11,25.045781039586526,0.09902046552567509,13,289,normal
170,1,0.33709516086698954,0.8114269191277226,307,35,bot
17,13,25.825588160117956,0.026006188346827507,7,559,normal
10,6,8.424888534223285,0.045683289248182886,7,371,normal
15,5,12.32153699777284,0.27317741662281997,17,386,normal
13,4,18.125555341672595,0.05280484117308972,17,266,normal
200,1,0.42482003840356397,0.9314216023590706,193,100,bot
18,11,9.434039354273821,0.19806660558158534,2,485,normal
13,5,22.635542015431252,0.20777247342467206,13,233,normal
9,5,8.336113383212396,0.274424777661638,6,102,normal
17,14,22.156230781443572,0.26526311506372136,12,183,normal
15,4,10.409768276078916,0.20723554752802573,17,504,normal
15,11,16.987273531601577,0.27293384244230295,9,208,normal
19,14,6.663060630597421,0.26892064025738627,17,559,normal
60,2,0.8207907087278064,0.902407062745304,327,116,bot
6,10,21.16009580750721,0.10096677082216694,10,116,normal
154,3,0.6948871245414994,0.940978856798365,305,23,bot
89,3,0.10783698966863442,0.9308674930601832,280,14,bot
19,10,27.10134646279541,0.18627988179747224,3,198,normal
7,10,8.395754613159642,0.034477700268023846,16,257,normal
157,3,0.3065962771872276,0.8584375934180051,339,117,bot
118,3,0.41309264371190313,0.8187367643011625,139,100,bot
10,15,16.95680948319918,0.09694615118278217,15,355,normal
5,3,9.846021076748677,0.29289985507183125,7,106,normal
12,3,7.667031433967465,0.18306175310439857,16,414,normal
10,6,7.670303300867574,0.02574993664646844,18,402,normal
18,3,26.98753250785454,0.05960757982687026,16,223,normal
18,3,28.185245021393207,0.2873719869402845,5,140,normal
111,1,0.4813120178015524,0.8624939782002756,416,28,bot
5,12,25.738959427630057,0.20492854273174485,3,582,normal
6,10,25.398132102470257,0.08534643828017988,5,322,normal
195,1,0.4647093700559296,0.938310234617831,362,106,bot
196,2,0.9287417546089569,0.9338459507067947,497,19,bot
7,4,15.355311760353453,0.26348156145105806,11,589,normal
37,5,2.9608564896037257,0.5347004194152445,81,54,suspicious
175,2,0.5684867611617226,0.9873527315153562,293,10,bot
8,4,20.99843829422844,0.09056492577288952,10,185,normal
11,3,7.237684995697406,0.14454679511382548,12,135,normal
77,2,0.850722624306956,0.806451140551607,341,102,bot
21,5,3.1980779488496287,0.6130683957424532,64,254,suspicious
174,1,0.4194731400708517,0.9144640467508355,123,93,bot
12,11,8.88050718673846,0.013299403591502845,20,209,normal
43,3,2.146593995861871,0.5310105695330607,96,45,suspicious
35,3,3.3338874668613387,0.6287081397429013,97,160,suspicious
20,6,23.303494869192587,0.2489997360021698,14,312,normal
16,4,28.240052792257096,0.1203023433801304,5,339,normal
9,4,17.669159515733305,0.13872899475956219,11,175,normal
118,2,0.43616641571329173,0.8916026553122887,467,50,bot
19,14,19.232584402232206,0.05950557054029365,20,404,normal
68,3,0.2097245177128368,0.9637185857997181,205,115,bot
14,6,13.623301772304526,0.21654413328182157,1,180,normal
161,2,0.39959296079827744,0.8977786273294126,289,71,bot
7,4,26.44343670731829,0.23678262367307118,12,356,normal
9,6,20.148016240670657,0.0012781997871686211,20,488,normal
150,1,0.5003100379740113,0.9311021586305914,276,39,bot
52,3,0.4465269100996655,0.9094875052448481,407,95,bot
7,6,24.272649972973152,0.10416204798976765,13,100,normal
6,9,27.544432616002144,0.29559632744499725,3,371,normal
8,12,8.093005771128787,0.26597400065772087,12,186,normal
19,9,29.29608906466834,0.17725988729939068,1,468,normal
96,3,0.7541120613733618,0.982097115331006,329,112,bot
12,4,24.268096830758232,0.2891758575982047,15,409,normal
9,9,11.707464452674849,0.160955862609833,13,182,normal
97,1,0.1448880268515279,0.9163572633585687,109,91,bot
10,6,17.021494554990888,0.017461412215707118,16,442,normal
15,7,8.698965870642207,0.2751906553417125,20,198,normal
44,1,3.4558728670413608,0.7363587937913039,86,52,suspicious
10,15,17.00901308112083,0.266084107414332,15,431,normal
10,4,12.505826715724698,0.12140826637492172,19,528,normal
130,2,0.8427567661464422,0.947300106639084,371,119,bot
14,9,17.805553154444674,0.11343691385324128,6,550,normal
48,2,3.712864648226685,0.6087207072546403,31,84,suspicious
5,3,6.3586570466032954,0.1846231935605816,3,70,normal
18,7,13.403567621161606,0.1513383876590769,12,460,normal
6,9,9.28846313863042,0.018342412104654926,9,97,normal
20,4,3.703056960794675,0.6511851188159774,69,55,suspicious
26,3,4.3420461787150995,0.60247501898536,39,55,suspicious
9,15,20.76824519072686,0.1657112091075252,6,171,normal
13,15,12.453677096244942,0.13645443667027085,18,339,normal
50,1,0.483241115101811,0.9581508449518428,304,38,bot
7,7,12.763360115632912,0.1380294398361069,4,471,normal
136,3,0.3256100194212814,0.9963239593934866,130,75,bot
13,10,25.381442650764868,0.017848550173334244,20,455,normal
8,15,10.36088093396117,0.11818308093762632,10,553,normal
34,4,3.1845511220363734,0.6406339944527535,33,54,suspicious
20,5,14.402513622657406,0.15594928215095832,14,559,normal
5,15,5.570212095633932,0.19506121206812732,19,173,normal
58,1,0.7074673367553185,0.9980028067703903,426,58,bot
38,2,1.7842256528286837,0.685126169382535,76,33,suspicious
6,6,19.426772912998302,0.0300492019600041,5,519,normal
12,14,15.544404838927482,0.2980548163892597,18,412,normal
111,3,0.2783589783083031,0.9514883269246572,430,83,bot
93,1,0.6925667415178725,0.9065117242421324,421,59,bot
8,8,18.994917855499725,0.16411220076142533,12,265,normal
20,4,5.684020776946415,0.11421189186486937,1,342,normal
57,2,0.36275671859947056,0.9663305531867138,180,88,bot
11,11,9.439160279675818,0.014722713583639933,6,318,normal
11,8,10.020627676884224,0.19501998770574253,5,282,normal
157,2,0.3374588465542805,0.8570382010472695,145,58,bot
41,2,1.9902600117037594,0.6897309054964247,100,154,suspicious
6,9,20.903010588052236,0.1514333713420078,15,390,normal
19,12,22.32952234855198,0.22483794564581736,14,329,normal
9,14,19.30440020113054,0.10098257201512324,8,322,normal
142,3,0.3406835962220335,0.8281398333450275,372,59,bot
15,13,15.048015284230653,0.2028192158024514,11,559,normal
14,3,13.03723450453013,0.24388976901024664,6,472,normal
30,5,2.2075088728080527,0.6088829296248017,93,204,suspicious
55,2,0.12028908938035066,0.8722434958773408,329,40,bot
17,12,28.522671263009922,0.12333133407187793,4,467,normal
76,3,0.8675490489298865,0.8147130845857471,317,63,bot
14,8,15.94709825346978,0.10119360982033689,9,570,normal
157,3,0.625895991078205,0.8210520859474022,491,14,bot
144,2,0.6837571366532571,0.9124454136316243,301,109,bot
16,5,18.389942328691944,0.0759081575829116,5,74,normal
35,2,1.3826621416131846,0.5296489760556468,79,261,suspicious
15,5,11.492026371916193,0.09796219794510422,6,544,normal
59,2,0.5632069155726552,0.9088481280858838,286,18,bot
8,4,13.278525108359073,0.24164379785627096,14,137,normal
18,14,27.246772533602822,0.20229522444731599,10,528,normal
50,3,1.6790227539757128,0.6690945344524692,76,200,suspicious
16,8,6.092674553202386,0.13548795225965213,2,105,normal
9,13,27.96877902193919,0.21718501955865457,7,537,normal
75,1,0.6583172710479959,0.8287841982381309,168,58,bot
8,9,15.755488578436722,0.23713835600550598,4,87,normal
182,3,0.5595599222816858,0.8450445271565991,177,69,bot
43,4,1.5637007535807892,0.6332192823157874,43,67,suspicious
5,5,6.686921354704743,0.08772610215000476,3,491,normal
15,5,8.03811944933643,0.1006894548742498,14,554,normal
9,6,28.21027019938297,0.0982291471208071,12,588,normal
19,9,10.167282378068048,0.1355048297870524,16,341,normal
174,1,0.9414259965239649,0.8530753473136079,333,39,bot
16,8,22.767525214945547,0.10087863269617775,5,385,normal
11,3,6.82693626026407,0.0016622668225562797,7,322,normal
20,15,13.516543749842743,0.2975663677914134,4,217,normal
15,8,8.50697804921383,0.09092216625170166,7,110,normal
16,3,17.714769204740435,0.15202320319043308,6,585,normal
50,4,3.6369829707149286,0.5830710435723265,31,65,suspicious
17,4,6.256811013061449,0.2643792583740096,19,541,normal
15,5,7.5340720089230135,0.26240088018967445,2,157,normal
19,4,17.267126164481418,0.08764580855325858,15,505,normal
17,7,12.4926933806576,0.15312744303002332,15,480,normal
16,6,10.103335565210726,0.20768602209393117,11,235,normal
18,13,7.876834766557798,0.2089796682582338,9,125,normal
82,1,0.31574068911004916,0.8719802309371188,446,39,bot
93,3,0.5439323040048983,0.8969515372118748,283,80,bot
16,12,26.61584729780779,0.06295455438023667,8,246,normal
10,14,6.908127124980477,0.07728284222483829,7,405,normal
8,9,29.545405481458587,0.28644144563622637,9,276,normal
74,2,0.4682942264842491,0.9682004708451527,497,86,bot
106,2,0.6513648199572729,0.9131526699019342,319,64,bot
16,6,28.560702352489255,0.24716029179681315,5,574,normal
8,6,25.937844658732864,0.17746870084551974,16,177,normal
6,5,25.1153217827259,0.09840958396276756,2,425,normal
70,1,0.5796433529847153,0.8198963263556486,218,20,bot
15,14,17.573098829039306,0.18247983999199396,18,134,normal
5,6,7.607104428742635,0.2993298292760498,19,105,normal
14,4,15.79814179877637,0.2596509979676947,12,531,normal
10,11,8.789710650383993,0.07371104047493589,6,393,normal
80,1,0.3873331532960279,0.9959315829259137,252,77,bot
32,4,3.0966164182025144,0.7245425508449148,59,185,suspicious
32,3,2.5478865235142303,0.719037311315482,34,88,suspicious
159,3,0.195790881108645,0.9957468018806094,132,55,bot
13,5,14.681923906964919,0.22428885992245942,3,99,normal
88,1,0.3618376733755809,0.8803431792239423,445,118,bot
6,15,19.62217739356607,0.06383000191790879,9,566,normal
5,15,17.06772330980774,0.29856136459428895,12,513,normal
16,14,10.000092746083837,0.0049494170056430305,19,95,normal
10,9,21.08582379251199,0.12286275713144607,5,172,normal
20,11,22.54292570500043,0.05735108454023523,13,590,normal
8,10,8.12450902726815,0.2031243896909738,9,236,normal
11,6,23.876902183878144,0.16074733194191068,8,423,normal
105,1,0.5587779847164205,0.8116685491282447,163,21,bot
7,6,29.104535104675048,0.2780054125005936,3,483,normal
17,11,9.32866576312043,0.2976665767681207,13,593,normal
8,5,25.53134342545336,0.14061285529579473,11,431,normal
23,4,4.0542361029999245,0.6493448514060314,67,112,suspicious
9,10,11.917915509526967,0.030798520019712915,4,84,normal
15,3,13.248063856796772,0.011564435369726888,6,161,normal
17,11,7.834930272954331,0.12070280865213019,14,541,normal
11,6,15.541746630487506,0.14458615524714316,16,593,normal
155,3,0.9228936963708961,0.8833193988217649,411,52,bot
15,15,17.755262154085084,0.15387275508598117,1,507,normal
19,10,10.207755200378799,0.2573265606978121,11,437,normal
15,14,6.186528660661273,0.04416548199503418,2,90,normal
119,2,0.3560451476374543,0.9502495506008185,447,17,bot
18,8,26.58446940715496,0.20322503578373805,11,499,normal
81,1,0.3548697593133997,0.9350028883960071,455,112,bot
99,1,0.5915896018816057,0.9955420863656677,178,45,bot
12,10,5.216821538357237,0.14029289751944388,13,577,normal
24,3,1.2336405589288653,0.6674824459000289,50,82,suspicious
5,13,16.4093711455871,0.16214671598678065,13,548,normal
12,3,12.486618574511212,0.2070044046421776,13,505,normal
81,1,0.22837416019550355,0.9367796439691352,467,58,bot
23,3,1.7150273400312113,0.5017686087228681,93,180,suspicious
9,11,7.959356488922785,0.21812815661297422,15,150,normal
104,2,0.27559873404334834,0.9307850193821985,159,98,bot
112,2,0.7764345195662734,0.8922468766943543,126,66,bot
8,15,22.711502710357017,0.16954467054943811,9,295,normal
183,2,0.1450237294216084,0.9827413159046502,484,112,bot
16,10,23.412754507400344,0.0397142006317392,17,236,normal
14,3,23.277078731649418,0.1961033958184682,18,222,normal
16,4,6.624917565018497,0.2202868348899316,10,177,normal
130,2,0.586483892575788,0.833652827994296,343,94,bot
17,4,6.072002536002764,0.2533303232017636,8,202,normal
6,8,16.189810588468376,0.12880178696045394,16,512,normal
12,12,12.449337471258671,0.28416888735310936,2,382,normal
149,1,0.42263262130615253,0.9202812907191843,156,65,bot
9,15,19.27813165221476,0.18468216560344,20,141,normal
10,12,21.121583714573976,0.1268524279722866,12,164,normal
19,8,24.98721554745693,0.17882464646735496,5,75,normal
17,15,6.651176082993961,0.027430837364087777,3,142,normal
56,2,0.2817290466437344,0.9308583966718884,149,55,bot
18,12,9.424135633049403,0.020307512971640906,7,77,normal
16,7,21.291284995261535,0.07247694448463352,7,114,normal
133,1,0.24958048090929602,0.915004310789019,482,84,bot
16,7,19.797850970766603,0.008211764114469566,7,582,normal
20,8,28.34464341028465,0.09245629195137268,17,170,normal
5,10,19.7175525615699,0.2775191695933138,2,342,normal
39,5,4.373525062127561,0.6513124595254058,92,230,suspicious
89,3,0.35815458572927705,0.8941931954773824,462,30,bot
8,14,20.065184502232224,0.17938913114295393,19,164,normal
5,15,26.099479890970617,0.2508295627997993,2,260,normal
15,11,7.225598905238127,0.06285904841603664,19,564,normal
13,11,19.568281990315178,0.1315369477900721,11,397,normal
23,3,1.56373915044378,0.5144700751453111,68,93,suspicious
13,7,15.245468738711908,0.009028066889872266,5,533,normal
156,2,0.6760354898689621,0.9367705505436001,342,61,bot
54,3,0.10922336650786134,0.917767115975888,146,64,bot
17,6,18.51525446297505,0.0817354497132413,12,378,normal
8,14,24.888137191220697,0.06734536357325288,16,143,normal
16,8,19.976670278373113,0.2301949285347462,10,308,normal
12,12,6.704993342488578,0.2999903930658112,2,126,normal
22,5,2.7976909731891917,0.5886955503134507,92,146,suspicious
5,12,19.557435028255824,0.06464781518626873,5,398,normal
15,8,18.800889975300613,0.22596022321507278,12,509,normal
20,8,7.040778711157662,0.18506525436740842,12,197,normal
12,5,9.94207578221379,0.25461964804406206,9,287,normal
45,3,3.1439232558593995,0.6713615279445374,96,111,suspicious
7,7,27.175612423693636,0.21520081009106543,14,442,normal
143,2,0.6941270178717192,0.8576709483590742,183,104,bot
10,11,7.206779537127041,0.2845156902335302,3,158,normal
16,12,20.44626963796049,0.2509284870714381,12,427,normal
151,1,0.33003960998654863,0.9042452847296245,384,100,bot
6,14,11.319142335687822,0.055361130008554325,17,403,normal
20,9,6.271679074528037,0.006623983516571841,20,235,normal
128,1,0.7807915319837155,0.8867022355097611,162,62,bot
16,11,16.830298755915184,0.2715146374253722,3,466,normal
23,4,3.722668872646807,0.62901121705499,87,210,suspicious
34,2,2.40464434501033,0.790833742606613,23,280,suspicious
17,3,29.398817634031516,0.2470920106895101,3,529,normal
12,4,28.277010936032276,0.20157557593206166,15,395,normal
48,3,4.259834874288202,0.7711246149258508,85,137,suspicious
9,4,22.00793716897968,0.1946313292023456,18,104,normal
17,12,21.915246030308417,0.023544926325837833,2,242,normal
41,2,1.3526193811413285,0.535367253708724,69,81,suspicious
146,2,0.22075954818212734,0.9825985007028648,362,40,bot
17,4,23.170974229121896,0.027324297533983567,15,423,normal
12,8,15.494015992517452,0.026724597457406327,7,91,normal
33,4,1.0866240986469173,0.5331974654874484,80,212,suspicious
104,2,0.9897723782095754,0.9313756030743437,459,12,bot
73,3,0.9613496115471476,0.8608358698600409,496,19,bot
12,15,16.562837120539307,0.028983727819320335,1,530,normal
71,1,0.11150518781879855,0.9392906337825397,419,31,bot
11,11,5.081032878783863,0.15454504564025826,8,283,normal
12,10,29.414794748347553,0.23413313006599623,8,138,normal
9,5,8.71737517911911,0.15801946829169874,3,197,normal
20,4,24.971785007132407,0.2488167809272135,9,581,normal
8,4,19.892076646262666,0.26849494945907676,20,96,normal
10,8,7.7955303624560806,0.29059563272958944,2,229,normal
64,3,0.27401594577173194,0.9251097622183972,435,28,bot
70,3,0.5572515386314701,0.8868031400456141,374,65,bot
93,1,0.9472862140847004,0.9399355293849734,171,91,bot
15,12,22.293703597776013,0.1321461154935904,2,232,normal
15,14,20.84610563226385,0.2214555320767303,18,225,normal
24,5,1.8293624502852621,0.7476863260022025,56,125,suspicious
9,8,8.022566647964627,0.10620913812077423,3,394,normal
14,8,20.651257699331808,0.1397769766120935,9,495,normal
107,2,0.6525603306032743,0.911698301378699,151,68,bot
161,2,0.336201165040519,0.8001723827151912,416,109,bot
14,6,19.946271514502843,0.2830758729166203,19,393,normal
10,12,27.97016693741511,0.2660295412219155,4,380,normal
10,8,18.311939321101605,0.11931771877855474,3,558,normal
17,7,14.768879431525235,0.04032048124785589,13,305,normal
89,2,0.613775931388761,0.959558358217413,421,112,bot
13,5,15.671989393136109,0.10761060807986203,18,79,normal
16,9,5.2614245056343725,0.09905719019581692,8,78,normal
151,1,0.8983817262206522,0.8842051542412729,441,23,bot
9,8,15.955139099546063,0.231845973646953,14,179,normal
126,2,0.7402769803963776,0.8780906634089247,311,94,bot
20,14,27.919839407405178,0.23551727654626498,17,193,normal
34,4,1.4768319251256798,0.5020593020042499,84,180,suspicious
10,7,6.196347289844709,0.17930681327512862,6,562,normal
11,12,13.771316291451935,0.1439979575969154,14,525,normal
19,3,10.528104514276183,0.2894525976140528,19,307,normal
97,1,0.25141918278379116,0.8323803929061737,138,117,bot
101,3,0.31273579275850194,0.9183432266841456,496,23,bot
138,2,0.9218306504242774,0.9890610159985812,275,85,bot
40,3,4.655670764083067,0.6156688997542332,96,117,suspicious
48,5,4.23576262338314,0.7250682444171919,68,176,suspicious
88,2,0.5261171128212004,0.9304613779609021,226,82,bot
182,1,0.12058325197250312,0.821859937433253,296,110,bot
22,3,3.975021531841704,0.7654146292854156,70,46,suspicious
7,10,11.732021171613114,0.22003086495613006,6,425,normal
7,12,28.772874622747644,0.09731840108402591,5,283,normal
9,5,9.871357785386788,0.17952011586715808,14,245,normal
12,9,27.127275640360192,0.2985922958913899,18,212,normal
18,12,22.718923572753052,0.12981346985043687,13,517,normal
5,10,18.836731418076248,0.16543498449466162,15,347,normal
6,8,26.619935480737308,0.0892730729614,4,148,normal
36,3,4.701179083702756,0.7113897787672617,73,249,suspicious
19,13,20.380492731769102,0.2385825285002466,16,438,normal
103,1,0.554892886264196,0.8842672357006321,415,53,bot
46,3,1.231576015974305,0.7145090894153057,65,104,suspicious
15,6,15.267615549398313,0.29804147522092334,3,378,normal
5,7,5.867295940527654,0.0604523663066437,4,443,normal
131,2,0.907873402754682,0.972861204196819,431,49,bot
49,2,1.1891471058181367,0.6884212950393824,76,160,suspicious
170,2,0.49746935605084186,0.9893343549881044,343,75,bot
9,14,19.54923837479906,0.2398794631028021,10,268,normal
5,15,10.429152185883773,0.10167878715899846,3,278,normal
14,5,22.97592706116749,0.2551803489316054,20,503,normal
14,7,11.454353337900347,0.11029111042427588,5,209,normal
16,10,25.02686660305374,0.29358707687873953,6,321,normal
6,4,28.21133928351968,0.2952232719936877,9,257,normal
13,15,22.817291044801507,0.17818123344745543,15,492,normal
99,1,0.8337127290891408,0.9975690538598765,169,88,bot
13,10,16.87695118306457,0.08481068309949331,9,77,normal
5,14,10.202337752377739,0.26250812124969214,11,83,normal
8,9,24.96931765603717,0.00920704205164583,18,582,normal
34,1,2.513436578390482,0.5961172268104838,94,289,suspicious
101,1,0.1507414360255188,0.8496923261769628,120,62,bot
92,3,0.35902201616021934,0.8995360670333978,359,105,bot
18,9,28.0147273797227,0.15674335506503437,7,361,normal
16,4,28.924353526341164,0.29568166573907895,16,491,normal
18,10,24.281887581571812,0.256808528423954,5,334,normal
5,10,10.786458482802997,0.29969656652569765,16,67,normal
10,13,27.892839827638138,0.10781794771832291,3,310,normal
17,8,17.576144313920764,0.011965370125368701,9,510,normal
6,14,11.275387538743823,0.04698610654386709,9,554,normal
6,13,13.723177088113978,0.04034218548423617,12,374,normal
8,4,28.195845999206604,0.17412341122520744,19,189,normal
50,5,4.956329802518825,0.5829273707200566,87,232,suspicious
19,9,27.34297681933214,0.12708923772065012,11,95,normal
52,1,0.17103606512276753,0.9949295735833802,396,11,bot
17,7,11.455289713004124,0.012082039721078507,11,598,normal
15,6,21.501803363653245,0.037370559092958944,19,463,normal
13,13,20.859193566533683,0.14541351186910909,16,447,normal
14,8,28.589095518577434,0.04940765848750526,12,592,normal
11,6,9.521939238280915,0.07094543578418168,20,82,normal
12,12,8.743130533344724,0.13540211567595092,12,518,normal
13,12,12.226173635572122,0.16105337820560017,5,280,normal
173,1,0.23853859800564042,0.911879526394714,330,66,bot
12,6,26.084850339727797,0.20377739831348304,13,81,normal
13,14,16.582331574588913,0.07134361142992794,10,153,normal
19,7,7.040113784340663,0.06714195048960103,11,454,normal
20,3,20.18714055436503,0.15498389440353932,2,435,normal
127,3,0.31835526480871323,0.817736896164286,173,59,bot
8,15,10.739541212316576,0.04446136958286055,20,164,normal
121,3,0.587579589508275,0.9375040463012377,227,66,bot
18,13,20.444686211483027,0.14864503054212638,6,344,normal
7,13,27.090336933768082,0.16219859131384406,8,202,normal
76,1,0.937849973630684,0.8628225884901248,458,103,bot
32,3,2.9609296737884723,0.545615354859675,42,92,suspicious
19,8,11.430540975806748,0.08835156381962202,5,582,normal
16,12,25.49565643498256,0.28258680313372725,11,183,normal
37,5,3.936906660652321,0.6151965236324235,42,40,suspicious
18,3,20.38077506049151,0.19476481943517743,10,404,normal
11,13,7.309714950842157,0.15482153188185974,12,575,normal
8,14,7.475694096600916,0.24567789723916225,2,496,normal
15,9,17.716952404224397,0.016169473634714524,17,198,normal
7,10,29.07146092573483,0.07962086210253917,6,546,normal
14,13,6.180681895076727,0.17677706051963066,19,429,normal
6,6,21.679458074964458,0.2630811881420228,12,583,normal
20,5,5.5353803525806695,0.1451301073137491,3,118,normal
17,12,11.335088601784939,0.2670099363867454,6,548,normal
16,4,7.115546765853588,0.12219114253158966,15,510,normal
8,15,26.04908784734196,0.2947873555478468,19,590,normal
6,9,22.28436629998614,0.25150257063202813,10,229,normal
126,3,0.4662499097750379,0.9057600069234404,348,14,bot
13,12,6.170540932294237,0.02883598914565697,15,481,normal
20,15,25.330021326573195,0.2106792315562898,12,528,normal
168,3,0.6879540646550073,0.8241550147217827,373,33,bot
12,12,6.638433440352596,0.22016230163157133,8,206,normal
56,2,0.7511941861988329,0.9924459913358034,135,53,bot
13,6,26.60027203305213,0.0036107484688384095,10,482,normal
14,9,13.131643025678922,0.2975191015715644,1,394,normal
180,1,0.9161131776979291,0.9188129006446178,215,33,bot
17,12,5.602079084198925,0.11649133700434795,2,359,normal
16,3,5.055898670763926,0.12279966522085901,17,123,normal
16,15,6.656863175753373,0.2025400386680737,7,169,normal
13,9,15.843259843870968,0.09820553052079736,17,254,normal
5,4,22.68005373210735,0.23637947686878757,2,224,normal
7,3,21.415416587110766,0.04098919158399471,4,342,normal
20,6,7.525503517164976,0.2290382345839851,7,164,normal
13,6,8.183349210554598,0.07239850122455646,15,561,normal
8,5,16.285847553447553,0.06774317030296319,12,109,normal
184,2,0.776145185957032,0.963265024589062,101,94,bot
10,7,19.608025669995726,0.19353224459713353,13,215,normal
9,6,29.098688383712012,0.17383117043716342,2,104,normal
171,1,0.6570825538377646,0.8006350299458862,277,19,bot
18,10,12.626279680785903,0.010006714481886291,10,457,normal
20,5,2.6900442576981143,0.7745752829297512,48,119,suspicious
109,2,0.2108946176531381,0.9129022651285094,288,56,bot
42,3,1.0291204224617312,0.6521873923049613,73,166,suspicious
17,3,14.692062029472618,0.13252890384238916,10,172,normal
51,1,0.2790747418385037,0.9693171082901995,296,79,bot
17,8,17.628249385183093,0.2834450914548223,5,99,normal
10,10,24.05581271302563,0.1349210257082498,18,115,normal
82,3,0.27318060854774906,0.9337996026892098,130,31,bot
14,11,11.986267332692634,0.12594210188590194,17,376,normal
17,15,11.541359930606195,0.103614191496126,9,266,normal
20,6,19.218303457731462,0.005205125258695442,11,551,normal
10,10,15.234645600523928,0.2396013588343532,2,139,normal
8,4,6.305530813010164,0.19585039576259813,14,142,normal
8,5,13.912092510271291,0.07717648776121465,2,197,normal
87,2,0.8323737656282679,0.8538431205294732,410,32,bot
14,3,8.33313566291864,0.08379945531160457,5,144,normal
14,14,20.367207791035717,0.2607018913717017,13,459,normal
9,15,26.828107206867415,0.15026705520219105,14,316,normal
20,7,11.021541981978427,0.21189477078038216,20,455,normal
45,3,4.745787209811111,0.6704372548393591,97,279,suspicious
14,12,29.205812829546225,0.22331571535533626,19,277,normal
6,10,5.961112092684638,0.09543640478490652,4,406,normal
87,3,0.5076731907405236,0.8360379558217531,330,119,bot
20,14,17.841599721709088,0.17400480139440214,11,307,normal
15,15,29.72684531762039,0.20673976473278396,12,156,normal
18,6,27.763392593314798,0.027486601404816756,19,227,normal
70,3,0.2642942075680618,0.9519569528808907,404,83,bot
67,2,0.6446337224222032,0.8618092862347987,379,90,bot
7,13,7.754066787959153,0.2028365163634219,4,505,normal
16,5,26.747440748667227,0.03243767415504536,7,427,normal
9,11,11.630140090305826,0.2903634291807076,4,556,normal
62,2,0.7934578288146406,0.8961135667464847,313,98,bot
18,15,17.44725558399695,0.022477387388803702,6,270,normal
13,15,14.367224239588289,0.21111888191200176,1,63,normal
11,15,12.946708668828803,0.05862214192692483,11,567,normal
11,13,11.282304011859178,0.11462799205940863,20,255,normal
6,7,29.490055281273516,0.26337233478117555,6,106,normal
16,7,18.294065800007033,0.2811245214893832,20,382,normal
62,1,0.7224502608889064,0.9098123892655081,175,37,bot
17,3,26.85090885237065,0.08239957079111301,16,201,normal
13,15,10.131859742417033,0.24064169476887934,1,167,normal
6,13,28.608593751942735,0.23648452192138064,13,264,normal
12,13,29.490373958757157,0.15935636741545203,19,498,normal
15,8,24.680157008001355,0.042980296144148895,8,173,normal
116,3,0.9546438264424343,0.802956754046573,205,116,bot
20,6,15.931815658393395,0.07220488744620025,12,300,normal
31,4,3.4847553251462693,0.6602725897808208,66,254,suspicious
24,4,2.12747042677709,0.5270002771397592,75,151,suspicious
9,10,5.229223541250986,0.0468123743963194,17,226,normal
18,15,17.725776289045704,0.017398219280198468,4,309,normal
15,3,26.88871757801,0.09302394068769947,18,61,normal
138,1,0.16733514550309775,0.9312368320953992,424,119,bot
6,8,7.624440419125987,0.10447317787194305,9,545,normal
171,2,0.7021814776077842,0.8130854178858893,439,65,bot
20,6,17.425889833652985,0.17505393819508308,20,106,normal
40,4,3.4470383094674384,0.6129519526672905,71,287,suspicious
43,2,3.180075459995232,0.760953636645654,36,48,suspicious
17,15,26.97148534176315,0.13106252914597766,14,525,normal
10,3,24.806798004073435,0.011897134727349611,18,409,normal
18,14,11.70107089809088,0.25001608790344454,8,241,normal
9,3,16.103250967801042,0.20969897144004138,14,207,normal
20,14,10.455507373154711,0.15209406532043981,3,108,normal
45,3,3.4750269395407294,0.7022837935261868,50,246,suspicious
17,8,19.05145719353292,0.28296949104254543,3,109,normal
6,3,6.846002691886397,0.146945121510522,20,213,normal
12,11,17.404147019511264,0.0319870619419376,14,440,normal
42,5,3.5957598346267328,0.6254959580885536,88,49,suspicious
6,8,12.278753545532243,0.23526187221512457,3,426,normal
11,15,19.94157514465822,0.04615028572618516,1,413,normal
20,8,15.58112349879799,0.24413517219959047,15,422,normal
32,3,3.24182196604228,0.5491672909719334,30,36,suspicious
85,3,0.9409800040510438,0.985084605746836,211,111,bot
181,2,0.28536674187791256,0.8261579819319935,409,47,bot
11,14,7.096462546564895,0.26716679873036625,18,61,normal
19,5,24.196453309949668,0.22839918580905477,7,74,normal
9,13,23.001216854615397,0.26539207919134195,2,482,normal
63,2,0.8588099906137568,0.8218134347423317,388,14,bot
13,7,8.087527464673649,0.06415584764526294,7,452,normal
12,6,20.086281790338248,0.07835390909202261,2,126,normal
17,4,29.05851118653502,0.03300848469481573,14,469,normal
12,3,18.383882549477562,0.10042194138605831,2,476,normal
17,5,25.78957071649499,0.1988820057737126,9,564,normal
8,6,13.829277002513827,0.1351950436083669,1,213,normal
10,9,19.13331933973761,0.03955028968177391,12,95,normal
30,3,4.9816952139378206,0.7986010930408701,72,45,suspicious
8,6,21.247788333035416,0.13360556462536563,3,492,normal
6,11,5.442768364329157,0.29005688792768153,20,178,normal
5,10,14.831188089191626,0.16870056122452498,11,276,normal
20,8,22.880809975319416,0.2269270588243934,7,206,normal
10,8,7.605264720222447,0.073423481126411,7,254,normal
20,6,23.198891194495975,0.17991136995943371,3,235,normal
69,3,0.5982765181849096,0.8702864963985755,262,70,bot
8,15,12.118533326721435,0.26210983657085396,2,475,normal
8,5,15.864348768255653,0.2842926449317893,5,405,normal
15,4,20.798140436691973,0.15893151616666676,2,388,normal
15,11,19.351395493373495,0.0827079687559768,14,334,normal
31,1,4.268322839073851,0.5439534754495878,96,41,suspicious
11,4,16.35152714109978,0.20378176960776773,6,338,normal
6,7,9.038023061104532,0.14180588715995507,7,483,normal
58,2,0.6105753183671953,0.9803702433473132,463,72,bot
186,1,0.723016971826657,0.8379138895632872,200,53,bot
71,2,0.5162349251826106,0.8437772733538782,254,100,bot
10,3,23.917412068682346,0.2751640800520517,8,118,normal
5,5,16.161202520917122,0.13176980208847017,13,356,normal
6,12,11.215060539184458,0.20806979071510961,12,417,normal
8,14,28.14147818668311,0.12665669769108584,17,178,normal
12,11,11.170366011226559,0.1139209796318677,11,494,normal
32,2,1.0159785668539678,0.6843977383986931,82,245,suspicious
18,6,17.141556312005186,0.22611028401905833,4,311,normal
39,3,2.146580050516518,0.7421192373690242,40,104,suspicious
192,2,0.26908971379989666,0.8639720713272455,241,11,bot
10,3,29.962831968083034,0.006257391932541245,11,571,normal
50,2,0.7277341655764574,0.9112762542251638,206,67,bot
46,1,4.222855389395834,0.6597032729515369,75,121,suspicious
7,8,26.25457054060729,0.2518599199934839,14,115,normal
45,3,2.486471932361023,0.5855462688204831,44,244,suspicious
7,5,20.620790039659475,0.06676840595201845,8,468,normal
8,15,10.76454450448726,0.16631626054601098,2,180,normal
44,5,3.750271757646173,0.7633948599949485,42,202,suspicious
34,2,2.4279149088050787,0.5389084337734953,94,165,suspicious
12,6,16.645106198480676,0.2084663943530613,3,67,normal
15,3,29.997060873917828,0.18882209985605866,14,448,normal
6,4,16.657446396792743,0.12677929062170812,15,142,normal
5,3,21.763000814445643,0.14150180871010484,15,569,normal
14,15,6.103026001921773,0.17216192345959253,12,157,normal
11,8,16.879003664428293,0.23655926330478136,10,538,normal
10,7,6.445771901256982,0.20405645942581438,13,87,normal
91,2,0.6805833162290296,0.9948451463471576,231,13,bot
8,7,8.377643095765642,0.050459949993907335,11,161,normal
10,6,5.216509173312571,0.25257429706249845,16,472,normal
28,5,3.60850357388524,0.6714728868269679,94,273,suspicious
13,11,9.451788264967298,0.27123362008871404,13,599,normal
17,4,9.257566793660509,0.22398893841427694,9,351,normal
16,6,17.1071633496868,0.05299426107988063,13,238,normal
15,13,25.76511324908421,0.2641363446964232,16,229,normal
108,2,0.9699520127198132,0.8486367668926907,243,66,bot
199,2,0.7897908902642121,0.9231813735693482,385,48,bot
7,15,15.183867108930528,0.1795938995863175,15,349,normal
18,11,18.293816108419982,0.18728685948348345,12,510,normal
17,10,27.866286199588146,0.14710791180974137,6,274,normal
69,1,0.9042465777277946,0.8754911319714123,318,69,bot
7,15,10.815467378281985,0.06538177485814135,9,165,normal
7,8,9.09252912260428,0.1254354158113503,11,104,normal
45,1,1.2571618726000389,0.705804129503284,39,169,suspicious
102,2,0.12373729351754481,0.9519448070873859,432,68,bot
20,9,27.733819219926623,0.08772320742744064,4,86,normal
8,11,22.761939380879674,0.29196998014747233,12,410,normal
10,11,28.030381177972778,0.13409225625684415,13,205,normal
16,10,16.234396887708215,0.04740988298535607,8,157,normal
6,13,25.349479403388873,0.1879060573702534,4,452,normal
200,3,0.8343694285386328,0.9878516727693302,288,27,bot
12,14,17.407517960877637,0.12435719360967526,8,203,normal
12,15,7.691166735768719,0.19771625353934028,20,206,normal
6,14,24.06499728794465,0.12674528459059492,19,219,normal
12,9,18.273304487129266,0.17418962783554082,14,110,normal
9,5,15.20323323667846,0.1329216444337926,9,307,normal
9,14,29.84764756329232,0.019453633985451545,18,588,normal
27,2,4.253123748720611,0.5347821168978752,34,32,suspicious
92,1,0.7289708680495662,0.896152963185339,230,103,bot
12,12,7.215315912094217,0.08385610786243551,8,180,normal
17,14,21.23925519498019,0.0987503798167457,3,552,normal
9,10,15.564398529886882,0.1335723736837184,20,173,normal
13,14,24.727964905916583,0.24303834868452368,1,177,normal
16,11,20.791542079475377,0.08315239312002394,5,243,normal
7,6,9.103735355307522,0.24728417795389115,4,523,normal
46,2,2.1219465872755108,0.7900627696548608,62,87,suspicious
26,5,2.974712535117695,0.7795237494792724,100,287,suspicious
7,5,10.23565270669203,0.0630557090607718,5,599,normal
19,10,5.988835630968598,0.2788541412500648,8,156,normal
5,13,28.774583566090314,0.15788525212573382,3,440,normal
200,2,0.4075630102036599,0.8474009979567441,459,115,bot
16,4,15.752315326916076,0.1075492124427033,6,62,normal
13,5,29.26544484469691,0.2737237428691207,4,65,normal
19,12,14.396369567459415,0.27388925515098544,12,81,normal
18,5,24.182703949567383,0.2529761734462616,8,131,normal
12,6,5.052836549663743,0.133302876062233,10,469,normal
12,13,28.257008647257347,0.2683515927732981,19,140,normal
51,3,0.928507768536932,0.9582478148001539,154,50,bot
11,12,18.14165978629535,0.23428392870551673,15,328,normal
61,2,0.983080299445762,0.9810924752568179,194,53,bot
13,4,14.928399061323178,0.0006500940309841607,14,92,normal
18,6,14.853861647796933,0.17420702913985472,7,461,normal
13,15,7.902764338686276,0.26925904704158715,10,181,normal
37,4,4.31423269298646,0.5621969716247328,57,78,suspicious
14,4,21.252609851774334,0.1402843112232122,12,189,normal
7,14,14.364215882495785,0.23456980482494244,3,523,normal
71,2,0.9318542452363272,0.966461800990903,342,71,bot
13,6,13.224090454075586,0.03852059734224692,2,325,normal
70,1,0.7714479776296641,0.8261459848954227,480,120,bot
5,9,22.41504301327238,0.057502881679551573,19,164,normal
7,7,25.256549043818286,0.277564734604372,18,241,normal
6,12,29.54477252665798,0.05475523323028179,6,417,normal
26,5,2.877964750869405,0.5261052366271177,31,48,suspicious
13,14,10.815756191328116,0.12762713596398131,19,291,normal
59,1,0.5876134708022683,0.8900353359528466,332,53,bot
49,3,2.474260864916964,0.5548303906173531,77,123,suspicious
141,1,0.1894400725710365,0.8729027975670381,435,40,bot
12,13,8.981241832042862,0.04210446336618621,18,232,normal
16,5,5.2221516638653025,0.17462310423559538,2,362,normal
18,13,14.947647864959897,0.025376848059506362,7,341,normal
27,5,3.502286435486001,0.5404284534989401,29,117,suspicious
5,5,29.078175664711768,0.012330690272785771,15,576,normal
151,3,0.5565064286620276,0.8182760340098746,205,17,bot
14,15,7.151036302258724,0.20913076884381052,15,263,normal
26,1,4.648485587052971,0.7213293282177072,36,147,suspicious
129,3,0.5613015441110184,0.8250997923615581,245,94,bot
11,7,6.10371098281139,0.06075593767655607,10,414,normal
193,1,0.9737489941247722,0.843918603006982,402,90,bot
6,12,7.601312579749715,0.19458789999220405,5,500,normal
33,3,1.8123520370771171,0.6326613553497533,29,200,suspicious
44,2,4.568664049257457,0.5136690542131891,35,237,suspicious
13,15,5.706840696132247,0.16714334983372106,13,180,normal
15,11,28.976547603166473,0.19414373198120832,15,439,normal
93,3,0.5015610855258413,0.9032191117749833,244,24,bot
9,4,23.64536026176792,0.2628170319478489,14,354,normal
13,12,10.169740237006664,0.10698732807325462,11,520,normal
17,6,18.049873650710126,0.20241150544128275,10,468,normal
15,3,5.749638741490378,0.04864210505042974,17,542,normal
20,8,23.47738239123114,0.27905455216529096,5,252,normal
16,11,16.208101386826616,0.21997608114770695,18,115,normal
9,6,12.369872612997149,0.11168812064798968,17,457,normal
9,13,22.760729320614914,0.1312797365668022,1,69,normal
5,5,20.596033943519213,0.016768436256439378,16,104,normal
20,14,23.452906281612545,0.24632014004408534,3,276,normal
139,3,0.37602040494311895,0.9601727859061655,177,23,bot
15,5,12.27833599842425,0.2866637205633251,18,573,normal
191,3,0.5036972057847414,0.9782522764915786,379,17,bot
192,3,0.5430388617068669,0.9010961313603609,232,78,bot
9,7,21.79270779570306,0.1584630398400246,15,295,normal
15,10,6.165596191904742,0.055032918793987175,9,212,normal
16,3,6.807455804993135,0.28247209578184984,2,323,normal
11,10,28.033096899100585,0.0611022142569739,18,537,normal
6,5,7.641550807374293,0.2362459303963861,13,538,normal
157,3,0.2925011733020526,0.8822680004374707,359,60,bot
7,15,27.31993254746152,0.10594750712684665,13,265,normal
12,8,14.148669778926322,0.08967278536653096,12,581,normal
9,4,11.941040212718455,0.03319765962440672,19,106,normal
13,8,17.863551249707854,0.28909198525435026,11,561,normal
12,13,19.333722447949803,0.17246220425070216,2,574,normal
159,2,0.5102491653432872,0.9431377723230991,224,16,bot
17,5,29.61983429897729,0.10500439871155019,16,389,normal
16,10,19.945673637974,0.2140169335995816,15,462,normal
13,3,22.61044584699392,0.1515258589206893,3,594,normal
18,3,29.4240461614808,0.044743297066784725,12,429,normal
12,15,24.098089446562376,0.004398891826615625,9,261,normal
38,1,1.6051408123927282,0.6049914595838479,46,111,suspicious
